1,Chicago,2746388,41.8781136,-87.6297982,Chicago_IL,41.8781136,-87.6297982
2,Aurora,180542,41.7605849,-88.3200715,Aurora_IL,41.7605849,-88.3200715
3,Joliet,150362,41.525031,-88.0817251,Joliet_IL,41.525031,-88.0817251
4,Naperville,149540,41.7508391,-88.1535352,Naperville_IL,41.7508391,-88.1535352
5,Rockford,148655,42.2711311,-89.0939952,Rockford_IL,42.2711311,-89.0939952
6,Elgin,114797,42.0354084,-88.2825668,Elgin_IL,42.0354084,-88.2825668
7,Springfield,114394,39.7817213,-89.6501481,Springfield_IL,39.7817213,-89.6501481
8,Peoria,113150,40.6936488,-89.5889864,Peoria_IL,40.6936488,-89.5889864
9,Waukegan,89321,42.3636331,-87.8447938,Waukegan_IL,42.3636331,-87.8447938
10,Champaign,88302,40.1164204,-88.2433829,Champaign_IL,40.1164204,-88.2433829
11,Cicero,85268,41.8455877,-87.7539448,Cicero_IL,41.8455877,-87.7539448
12,Schaumburg,78723,42.0333607,-88.0834059,Schaumburg_IL,42.0333607,-88.0834059
13,Bloomington,78680,40.4842027,-88.9936873,Bloomington_IL,40.4842027,-88.9936873
14,Evanston,78110,42.0450722,-87.6876969,Evanston_IL,42.0450722,-87.6876969
15,Arlington Heights,77676,42.0883603,-87.9806265,Arlington Heights_IL,42.0883603,-87.9806265
16,Bolingbrook,73922,41.6986416,-88.0683955,Bolingbrook_IL,41.6986416,-88.0683955
17,Decatur,70522,39.8403147,-88.9548001,Decatur_IL,39.8403147,-88.9548001
18,Palatine,67908,42.1103041,-88.03424,Palatine_IL,42.1103041,-88.03424
19,Skokie,67824,42.0324025,-87.7416246,Skokie_IL,42.0324025,-87.7416246
20,Des Plaines,60675,42.0333623,-87.8833991,Des Plaines_IL,42.0333623,-87.8833991
21,Orland Park,58703,41.6303103,-87.8539425,Orland Park_IL,41.6303103,-87.8539425
22,Oak Lawn,58362,41.719978,-87.7479528,Oak Lawn_IL,41.719978,-87.7479528
23,Berwyn,57250,41.8505874,-87.7936685,Berwyn_IL,41.8505874,-87.7936685
24,Mount Prospect,56852,42.0664167,-87.9372908,Mount Prospect_IL,42.0664167,-87.9372908
25,Tinley Park,55971,41.5731442,-87.7932939,Tinley Park_IL,41.5731442,-87.7932939
26,Oak Park,54583,41.8850317,-87.7845025,Oak Park_IL,41.8850317,-87.7845025
27,Wheaton,53970,41.8661403,-88.1070127,Wheaton_IL,41.8661403,-88.1070127
28,Normal,52736,40.5142026,-88.9906312,Normal_IL,40.5142026,-88.9906312
29,Hoffman Estates,52530,42.0629915,-88.1227199,Hoffman Estates_IL,42.0629915,-88.1227199
30,Downers Grove,50247,41.8089191,-88.0111746,Downers Grove_IL,41.8089191,-88.0111746
31,Glenview,48705,42.0778065,-87.8223368,Glenview_IL,42.0778065,-87.8223368
32,Elmhurst,45786,41.8994744,-87.9403418,Elmhurst_IL,41.8994744,-87.9403418
33,Plainfield,44762,41.632223,-88.2120315,Plainfield_IL,41.632223,-88.2120315
34,Lombard,44476,41.8800296,-88.0078435,Lombard_IL,41.8800296,-88.0078435
35,Buffalo Grove,43212,42.1662831,-87.9631308,Buffalo Grove_IL,42.1662831,-87.9631308
36,Moline,42985,41.5067003,-90.5151342,Moline_IL,41.5067003,-90.5151342
37,Belleville,42404,38.5200504,-89.9839935,Belleville_IL,38.5200504,-89.9839935
38,Bartlett,41105,41.9950276,-88.1856301,Bartlett_IL,41.9950276,-88.1856301
39,DeKalb,40290,41.9295355,-88.7499128,DeKalb_IL,41.9295355,-88.7499128
40,Crystal Lake,40269,42.2411344,-88.3161965,Crystal Lake_IL,42.2411344,-88.3161965
41,Romeoville,39863,41.6475306,-88.0895061,Romeoville_IL,41.6475306,-88.0895061
42,Carol Stream,39854,41.9125286,-88.1347927,Carol Stream_IL,41.9125286,-88.1347927
43,Park Ridge,39656,42.0111412,-87.8406192,Park Ridge_IL,42.0111412,-87.8406192
44,Streamwood,39577,42.0255827,-88.1784085,Streamwood_IL,42.0255827,-88.1784085
45,Quincy,39463,39.9356016,-91.4098726,Quincy_IL,39.9356016,-91.4098726
46,Wheeling,39137,42.1391927,-87.9289591,Wheeling_IL,42.1391927,-87.9289591
47,Urbana,38336,40.1105875,-88.2072697,Urbana_IL,40.1105875,-88.2072697
48,Carpentersville,37983,42.1211364,-88.2578582,Carpentersville_IL,42.1211364,-88.2578582
49,Hanover Park,37470,41.9994722,-88.1450735,Hanover Park_IL,41.9994722,-88.1450735
50,Rock Island,37108,41.5094771,-90.5787476,Rock Island_IL,41.5094771,-90.5787476
51,Calumet City,36033,41.6155909,-87.5294871,Calumet City_IL,41.6155909,-87.5294871
52,Addison,35702,41.931696,-87.9889556,Addison_IL,41.931696,-87.9889556
53,Northbrook,35222,42.1275267,-87.8289548,Northbrook_IL,42.1275267,-87.8289548
54,Oswego,34585,41.6828074,-88.3514596,Oswego_IL,41.6828074,-88.3514596
55,Woodridge,34158,41.7469749,-88.0503406,Woodridge_IL,41.7469749,-88.0503406
56,Glendale Heights,33176,41.9103068,-88.0717353,Glendale Heights_IL,41.9103068,-88.0717353
57,St. Charles,33081,41.9141945,-88.3086867,St. Charles_IL,41.9141945,-88.3086867
58,Elk Grove Village,32812,42.0039178,-87.9703461,Elk Grove Village_IL,42.0039178,-87.9703461
59,O'Fallon,32289,38.592323,-89.910991,O'Fallon_IL,38.592323,-89.910991
60,Pekin,31731,40.5675388,-89.640658,Pekin_IL,40.5675388,-89.640658
61,Mundelein,31560,42.263079,-88.0039653,Mundelein_IL,42.263079,-88.0039653
62,Niles,30912,42.0189191,-87.8028402,Niles_IL,42.0189191,-87.8028402
63,North Chicago,30759,42.325578,-87.8411818,North Chicago_IL,42.325578,-87.8411818
64,Gurnee,30706,42.3702996,-87.9020186,Gurnee_IL,42.3702996,-87.9020186
65,Highland Park,30176,42.1816918,-87.8003437,Highland Park_IL,42.1816918,-87.8003437
66,Galesburg,30052,40.9478158,-90.3712395,Galesburg_IL,40.9478158,-90.3712395
67,Algonquin,29700,42.1655801,-88.2942493,Algonquin_IL,42.1655801,-88.2942493
68,Burbank,29439,41.7467619,-87.760738,Burbank_IL,41.7467619,-87.760738
69,Danville,29204,40.124481,-87.6300207,Danville_IL,40.124481,-87.6300207
70,Lansing,29076,41.5647575,-87.538931,Lansing_IL,41.5647575,-87.538931
71,Lake in the Hills,28982,42.1816908,-88.3303618,Lake in the Hills_IL,42.1816908,-88.3303618
72,Glen Ellyn,28846,41.8775293,-88.0670118,Glen Ellyn_IL,41.8775293,-88.0670118
73,Wilmette,28170,42.0722513,-87.7228384,Wilmette_IL,42.0722513,-87.7228384
74,Huntley,27740,42.1680796,-88.4281415,Huntley_IL,42.1680796,-88.4281415
75,Granite City,27549,38.7014389,-90.1487199,Granite City_IL,38.7014389,-90.1487199
76,Chicago Heights,27480,41.506146,-87.6355995,Chicago Heights_IL,41.506146,-87.6355995
77,Oak Forest,27478,41.6028116,-87.7439384,Oak Forest_IL,41.6028116,-87.7439384
78,Round Lake Beach,27252,42.3716881,-88.0900815,Round Lake Beach_IL,42.3716881,-88.0900815
79,New Lenox,27214,41.5119761,-87.9656098,New Lenox_IL,41.5119761,-87.9656098
80,McHenry,27135,42.333355,-88.2667534,McHenry_IL,42.333355,-88.2667534
81,Vernon Hills,26850,42.2393323,-87.9653565,Vernon Hills_IL,42.2393323,-87.9653565
82,Edwardsville,26808,38.8114364,-89.953157,Edwardsville_IL,38.8114364,-89.953157
83,Batavia,26098,41.8500284,-88.3125738,Batavia_IL,41.8500284,-88.3125738
84,Lockport,26094,41.5894752,-88.057837,Lockport_IL,41.5894752,-88.057837
85,Alton,25676,38.8906038,-90.1842764,Alton_IL,38.8906038,-90.1842764
86,Woodstock,25630,42.3147436,-88.4487021,Woodstock_IL,42.3147436,-88.4487021
87,West Chicago,25614,41.8847507,-88.2039607,West Chicago_IL,41.8847507,-88.2039607
88,Belvidere,25339,42.2639098,-88.8442674,Belvidere_IL,42.2639098,-88.8442674
89,Morton Grove,25297,42.0405852,-87.7825621,Morton Grove_IL,42.0405852,-87.7825621
90,Melrose Park,24796,41.9005865,-87.8567276,Melrose Park_IL,41.9005865,-87.8567276
91,Zion,24655,42.4461322,-87.8328505,Zion_IL,42.4461322,-87.8328505
92,Homer Glen,24543,41.6000317,-87.9381112,Homer Glen_IL,41.6000317,-87.9381112
93,Elmwood Park,24521,41.9211423,-87.8092266,Elmwood Park_IL,41.9211423,-87.8092266
94,Westmont,24429,41.7958639,-87.9756175,Westmont_IL,41.7958639,-87.9756175
95,Collinsville,24366,38.6703266,-89.9845476,Collinsville_IL,38.6703266,-89.9845476
96,Lisle,24223,41.801141,-88.0747875,Lisle_IL,41.801141,-88.0747875
97,Rolling Meadows,24200,42.0841936,-88.0131275,Rolling Meadows_IL,42.0841936,-88.0131275
98,Kankakee,24052,41.1200325,-87.8611531,Kankakee_IL,41.1200325,-87.8611531
99,Freeport,23973,42.2966861,-89.6212271,Freeport_IL,42.2966861,-89.6212271
100,South Elgin,23865,41.9941938,-88.2922996,South Elgin_IL,41.9941938,-88.2922996
101,Maywood,23512,41.8791979,-87.8431155,Maywood_IL,41.8791979,-87.8431155
102,Loves Park,23397,42.3200189,-89.0581621,Loves Park_IL,42.3200189,-89.0581621
103,Machesney Park,22950,42.3472406,-89.0389956,Machesney Park_IL,42.3472406,-89.0389956
104,Roselle,22897,41.9847504,-88.0797933,Roselle_IL,41.9847504,-88.0797933
105,Blue Island,22558,41.6572562,-87.6800486,Blue Island_IL,41.6572562,-87.6800486
106,East Peoria,22484,40.666149,-89.5800978,East Peoria_IL,40.666149,-89.5800978
107,Bloomingdale,22382,41.9575285,-88.0809036,Bloomingdale_IL,41.9575285,-88.0809036
108,Villa Park,22263,41.8897519,-87.9889543,Villa Park_IL,41.8897519,-87.9889543
109,Darien,22011,41.7483483,-87.9737943,Darien_IL,41.7483483,-87.9737943
110,Carbondale,21857,37.7272727,-89.2167501,Carbondale_IL,37.7272727,-89.2167501
111,Park Forest,21687,41.4914236,-87.6744891,Park Forest_IL,41.4914236,-87.6744891
112,Yorkville,21533,41.6411409,-88.4472948,Yorkville_IL,41.6411409,-88.4472948
113,South Holland,21465,41.6008681,-87.6069894,South Holland_IL,41.6008681,-87.6069894
114,Dolton,21426,41.6389236,-87.607268,Dolton_IL,41.6389236,-87.607268
115,Geneva,21393,41.8926437,-88.3287896,Geneva_IL,41.8926437,-88.3287896
116,East Moline,21374,41.5008673,-90.4442979,East Moline_IL,41.5008673,-90.4442979
117,Grayslake,21248,42.3444664,-88.041746,Grayslake_IL,42.3444664,-88.041746
118,Libertyville,20579,42.2830786,-87.9531303,Libertyville_IL,42.2830786,-87.9531303
119,Crest Hill,20459,41.554753,-88.0986709,Crest Hill_IL,41.554753,-88.0986709
120,Harvey,20324,41.6100344,-87.6467131,Harvey_IL,41.6100344,-87.6467131
121,Frankfort,20296,41.4958665,-87.8486613,Frankfort_IL,41.4958665,-87.8486613
122,Montgomery,20262,41.730585,-88.3459048,Montgomery_IL,41.730585,-88.3459048
123,Evergreen Park,19943,41.7205889,-87.7017175,Evergreen Park_IL,41.7205889,-87.7017175
124,Mokena,19887,41.5261437,-87.8892189,Mokena_IL,41.5261437,-87.8892189
125,Lake Zurich,19759,42.1969689,-88.0934108,Lake Zurich_IL,42.1969689,-88.0934108
126,Brookfield,19476,41.8239203,-87.8517253,Brookfield_IL,41.8239203,-87.8517253
127,Homewood,19463,41.5676825,-87.6541852,Homewood_IL,41.5676825,-87.6541852
128,Lake Forest,19367,42.2586342,-87.840625,Lake Forest_IL,42.2586342,-87.840625
129,Deerfield,19196,42.1711365,-87.8445119,Deerfield_IL,42.1711365,-87.8445119
130,Matteson,19073,41.5039235,-87.7131018,Matteson_IL,41.5039235,-87.7131018
131,Alsip,19063,41.6689223,-87.7386619,Alsip_IL,41.6689223,-87.7386619
132,Ottawa,18840,41.3455892,-88.8425769,Ottawa_IL,41.3455892,-88.8425769
133,Bensenville,18813,41.9550296,-87.9400657,Bensenville_IL,41.9550296,-87.9400657
134,Bellwood,18789,41.8814197,-87.883117,Bellwood_IL,41.8814197,-87.883117
135,Round Lake,18721,42.353355,-88.0934145,Round Lake_IL,42.353355,-88.0934145
136,Sycamore,18577,41.9889173,-88.6867538,Sycamore_IL,41.9889173,-88.6867538
137,Palos Hills,18530,41.6966992,-87.8169984,Palos Hills_IL,41.6966992,-87.8169984
138,East St. Louis,18469,38.624514,-90.1506465,East St. Louis_IL,38.624514,-90.1506465
139,Franklin Park,18467,41.9348537,-87.879523,Franklin Park_IL,41.9348537,-87.879523
140,North Aurora,18261,41.8061399,-88.3272952,North Aurora_IL,41.8061399,-88.3272952
141,Shorewood,18186,41.5200305,-88.2017293,Shorewood_IL,41.5200305,-88.2017293
142,Bourbonnais,18164,41.1760108,-87.879523,Bourbonnais_IL,41.1760108,-87.879523
143,Cary,17826,42.2132499,-88.247685,Cary_IL,42.2132499,-88.247685
144,Godfrey,17825,38.9556031,-90.1867764,Godfrey_IL,38.9556031,-90.1867764
145,Lemont,17629,41.673642,-88.0017261,Lemont_IL,41.673642,-88.0017261
146,Jacksonville,17616,39.733936,-90.2290098,Jacksonville_IL,39.733936,-90.2290098
147,Hinsdale,17395,41.8008642,-87.9370052,Hinsdale_IL,41.8008642,-87.9370052
148,Charleston,17286,39.4961458,-88.1761521,Charleston_IL,39.4961458,-88.1761521
149,Morton,17117,40.6128161,-89.4592609,Morton_IL,40.6128161,-89.4592609
150,Bridgeview,17027,41.7500323,-87.8042216,Bridgeview_IL,41.7500323,-87.8042216
151,Westchester,16892,41.8498339,-87.8806738,Westchester_IL,41.8498339,-87.8806738
152,Mattoon,16870,39.4830897,-88.3728255,Mattoon_IL,39.4830897,-88.3728255
153,Marion,16855,37.7306054,-88.9331256,Marion_IL,37.7306054,-88.9331256
154,Country Club Hills,16775,41.5680898,-87.7203257,Country Club Hills_IL,41.5680898,-87.7203257
155,Fairview Heights,16706,38.5889386,-89.990382,Fairview Heights_IL,38.5889386,-89.990382
156,La Grange,16321,41.8050314,-87.8692254,La Grange_IL,41.8050314,-87.8692254
157,Washington,16071,40.7036482,-89.4073123,Washington_IL,40.7036482,-89.4073123
158,Prospect Heights,16058,42.0953049,-87.9375694,Prospect Heights_IL,42.0953049,-87.9375694
159,Bradley,15419,41.1419768,-87.8611535,Bradley_IL,41.1419768,-87.8611535
160,Dixon,15274,41.8389213,-89.4795478,Dixon_IL,41.8389213,-89.4795478
161,Norridge,15251,41.9633641,-87.827284,Norridge_IL,41.9633641,-87.827284
162,Macomb,15051,40.4592076,-90.6717971,Macomb_IL,40.4592076,-90.6717971
163,Sterling,14764,41.788642,-89.6962194,Sterling_IL,41.788642,-89.6962194
164,Antioch,14622,42.4772418,-88.0956396,Antioch_IL,42.4772418,-88.0956396
165,Mount Vernon,14600,38.3172714,-88.9031201,Mount Vernon_IL,38.3172714,-88.9031201
166,Hickory Hills,14505,41.7255879,-87.825055,Hickory Hills_IL,41.7255879,-87.825055
167,Chicago Ridge,14433,41.7014217,-87.7792196,Chicago Ridge_IL,41.7014217,-87.7792196
168,Lindenhurst,14406,42.4105765,-88.0261911,Lindenhurst_IL,42.4105765,-88.0261911
169,Swansea,14386,38.5339392,-89.9889936,Swansea_IL,38.5339392,-89.9889936
170,Chatham,14377,39.676163,-89.7045439,Chatham_IL,39.676163,-89.7045439
171,Forest Park,14339,41.8794758,-87.81367,Forest Park_IL,41.8794758,-87.81367
172,Midlothian,14325,41.6253116,-87.7175491,Midlothian_IL,41.6253116,-87.7175491
173,Beach Park,14249,42.4222435,-87.8572955,Beach Park_IL,42.4222435,-87.8572955
174,Morris,14163,41.357254,-88.4211785,Morris_IL,41.357254,-88.4211785
175,Shiloh,14098,38.5614383,-89.8973233,Shiloh_IL,38.5614383,-89.8973233
176,Wauconda,14084,42.2589122,-88.1392474,Wauconda_IL,42.2589122,-88.1392474
177,Wood Dale,14012,41.9633625,-87.9789562,Wood Dale_IL,41.9633625,-87.9789562
178,Glen Carbon,13842,38.7483814,-89.983158,Glen Carbon_IL,38.7483814,-89.983158
179,Western Springs,13629,41.8097532,-87.9006155,Western Springs_IL,41.8097532,-87.9006155
180,Warrenville,13553,41.817807,-88.1734021,Warrenville_IL,41.817807,-88.1734021
181,La Grange Park,13475,41.8347535,-87.861726,La Grange Park_IL,41.8347535,-87.861726
182,Lincolnwood,13463,42.0044757,-87.7300594,Lincolnwood_IL,42.0044757,-87.7300594
183,Channahon,13383,41.4294753,-88.2286735,Channahon_IL,41.4294753,-88.2286735
184,Hazel Crest,13382,41.571701,-87.6944915,Hazel Crest_IL,41.571701,-87.6944915
185,Lincoln,13288,40.1483768,-89.3648183,Lincoln_IL,40.1483768,-89.3648183
186,Canton,13242,40.6331249,-89.3985283,Canton_IL,40.6331249,-89.3985283
187,Northlake,12840,41.9172526,-87.8956185,Northlake_IL,41.9172526,-87.8956185
188,Richton Park,12775,41.484479,-87.7033787,Richton Park_IL,41.484479,-87.7033787
189,Minooka,12758,41.4553084,-88.2617305,Minooka_IL,41.4553084,-88.2617305
190,Winnetka,12744,42.1080834,-87.735895,Winnetka_IL,42.1080834,-87.735895
191,Justice,12600,41.7444765,-87.8378337,Justice_IL,41.7444765,-87.8378337
192,Kewanee,12509,41.2455927,-89.9248303,Kewanee_IL,41.2455927,-89.9248303
193,Streator,12500,41.1208668,-88.835352,Streator_IL,41.1208668,-88.835352
194,Rantoul,12371,40.3083672,-88.1558785,Rantoul_IL,40.3083672,-88.1558785
195,Herrin,12352,37.8031056,-89.0275744,Herrin_IL,37.8031056,-89.0275744
196,Effingham,12252,39.1200418,-88.5433829,Effingham_IL,39.1200418,-88.5433829
197,Centralia,12182,38.5285169,-89.1316944,Centralia_IL,38.5285169,-89.1316944
198,Cahokia,12096,38.5708849,-90.1901113,Cahokia_IL,38.5708849,-90.1901113
199,Palos Heights,12068,41.6680885,-87.7964416,Palos Heights_IL,41.6680885,-87.7964416
200,Plano,11847,41.6628076,-88.5370197,Plano_IL,41.6628076,-88.5370197
201,River Forest,11717,41.8939617,-87.8198478,River Forest_IL,41.8939617,-87.8198478
202,Schiller Park,11709,41.9558637,-87.8708965,Schiller Park_IL,41.9558637,-87.8708965
203,Markham,11661,41.5936453,-87.6947699,Markham_IL,41.5936453,-87.6947699
204,Burr Ridge,11192,41.7489203,-87.9183919,Burr Ridge_IL,41.7489203,-87.9183919
205,Summit,11161,41.7880876,-87.810334,Summit_IL,41.7880876,-87.810334
206,Pontiac,11150,40.8808666,-88.6297839,Pontiac_IL,40.8808666,-88.6297839
207,Waterloo,11013,38.3358857,-90.1498341,Waterloo_IL,38.3358857,-90.1498341
208,Columbia,10999,38.4436637,-90.2012239,Columbia_IL,38.4436637,-90.2012239
209,Roscoe,10983,42.4133505,-89.0092741,Roscoe_IL,42.4133505,-89.0092741
210,Fox Lake,10978,42.3966874,-88.1836965,Fox Lake_IL,42.3966874,-88.1836965
211,Worth,10970,41.6897548,-87.7972754,Worth_IL,41.6897548,-87.7972754
212,Troy,10960,38.7292147,-89.8831541,Troy_IL,38.7292147,-89.8831541
213,Campton Hills,10885,41.9582863,-88.4113034,Campton Hills_IL,41.9582863,-88.4113034
214,Crestwood,10826,41.6611444,-87.7525511,Crestwood_IL,41.6611444,-87.7525511
215,Lyons,10817,41.8133651,-87.8181128,Lyons_IL,41.8133651,-87.8181128
216,Barrington,10722,42.1539141,-88.1361888,Barrington_IL,42.1539141,-88.1361888
217,Riverdale,10663,41.6333678,-87.6331021,Riverdale_IL,41.6333678,-87.6331021
218,Gages Lake,10637,42.3588914,-87.9800273,Gages Lake_IL,42.3588914,-87.9800273
219,River Grove,10612,41.9258642,-87.8358943,River Grove_IL,41.9258642,-87.8358943
220,Taylorville,10506,39.548935,-89.294533,Taylorville_IL,39.548935,-89.294533
221,Wood River,10464,38.861159,-90.0976069,Wood River_IL,38.861159,-90.0976069
222,Pingree Grove,10365,42.0686367,-88.4134159,Pingree Grove_IL,42.0686367,-88.4134159
223,Highland,9991,38.7394918,-89.6712008,Highland_IL,38.7394918,-89.6712008
224,Sauk Village,9921,41.4883685,-87.5675414,Sauk Village_IL,41.4883685,-87.5675414
225,Peru,9896,41.3275349,-89.1289728,Peru_IL,41.3275349,-89.1289728
226,Winfield,9835,41.8616956,-88.1609031,Winfield_IL,41.8616956,-88.1609031
227,Flossmoor,9704,41.5428123,-87.6847684,Flossmoor_IL,41.5428123,-87.6847684
228,Steger,9584,41.4700348,-87.636432,Steger_IL,41.4700348,-87.636432
229,LaSalle,9582,41.3621503,-89.0418249,LaSalle_IL,41.3621503,-89.0418249
230,Itasca,9543,41.9750287,-88.0072909,Itasca_IL,41.9750287,-88.0072909
231,Harvard,9469,42.422241,-88.6137101,Harvard_IL,42.422241,-88.6137101
232,Rochelle,9446,41.9239178,-89.0687073,Rochelle_IL,41.9239178,-89.0687073
233,Mahomet,9434,40.1953106,-88.4042234,Mahomet_IL,40.1953106,-88.4042234
234,Manhattan,9385,41.4225316,-87.9858863,Manhattan_IL,41.4225316,-87.9858863
235,Bethalto,9310,38.9092138,-90.0406608,Bethalto_IL,38.9092138,-90.0406608
236,Riverside,9298,41.8350316,-87.8228357,Riverside_IL,41.8350316,-87.8228357
237,Sugar Grove,9278,41.7614181,-88.443686,Sugar Grove_IL,41.7614181,-88.443686
238,Willowbrook,9236,41.7697533,-87.9358931,Willowbrook_IL,41.7697533,-87.9358931
239,Manteno,9210,41.2505881,-87.8314324,Manteno_IL,41.2505881,-87.8314324
240,Lynwood,9116,41.5234885,-87.558379,Lynwood_IL,41.5234885,-87.558379
241,Harwood Heights,9065,41.9672532,-87.8075612,Harwood Heights_IL,41.9672532,-87.8075612
242,Hawthorn Woods,9062,42.2169686,-88.0495211,Hawthorn Woods_IL,42.2169686,-88.0495211
243,Frankfort Square,8968,41.5189226,-87.8031048,Frankfort Square_IL,41.5189226,-87.8031048
244,Monmouth,8902,40.9114271,-90.6473576,Monmouth_IL,40.9114271,-90.6473576
245,Savoy,8857,40.054753,-88.2517165,Savoy_IL,40.054753,-88.2517165
246,Glencoe,8849,42.1350268,-87.7581188,Glencoe_IL,42.1350268,-87.7581188
247,Rock Falls,8789,41.7797533,-89.6889967,Rock Falls_IL,41.7797533,-89.6889967
248,Mascoutah,8754,38.490327,-89.793154,Mascoutah_IL,38.490327,-89.793154
249,Lake Villa,8741,42.4169651,-88.0739708,Lake Villa_IL,42.4169651,-88.0739708
250,Clarendon Hills,8702,41.7975307,-87.9547835,Clarendon Hills_IL,41.7975307,-87.9547835
251,Olney,8701,38.7308811,-88.0853154,Olney_IL,38.7308811,-88.0853154
252,Glenwood,8662,41.5425349,-87.6022658,Glenwood_IL,41.5425349,-87.6022658
253,Crete,8465,41.4444791,-87.6314312,Crete_IL,41.4444791,-87.6314312
254,Boulder Hill,8394,41.7113112,-88.3360765,Boulder Hill_IL,41.7113112,-88.3360765
255,Gilberts and Long Grove,8366,42.1033585,-88.3728605,Gilberts and Long Grove_IL,42.1033585,-88.3728605
256,Jerseyville,8337,39.1200471,-90.3284479,Jerseyville_IL,39.1200471,-90.3284479
257,Hillside,8320,41.8778084,-87.9028398,Hillside_IL,41.8778084,-87.9028398
258,Paris,8291,39.611146,-87.6961374,Paris_IL,39.611146,-87.6961374
259,Maryville,8221,38.7244997,-89.9572444,Maryville_IL,38.7244997,-89.9572444
260,Harrisburg,8219,37.7383812,-88.540607,Harrisburg_IL,37.7383812,-88.540607
261,Oak Brook,8163,41.8397865,-87.9535534,Oak Brook_IL,41.8397865,-87.9535534
262,Island Lake,8051,42.2761341,-88.1920272,Island Lake_IL,42.2761341,-88.1920272
263,Silvis,8003,41.5122561,-90.4151301,Silvis_IL,41.5122561,-90.4151301
264,Broadview,7998,41.8639201,-87.8533931,Broadview_IL,41.8639201,-87.8533931
265,South Beloit,7989,42.4930708,-89.0367763,South Beloit_IL,42.4930708,-89.0367763
266,Lincolnshire,7940,42.1900249,-87.9084039,Lincolnshire_IL,42.1900249,-87.9084039
267,Park City,7885,42.3483554,-87.8842397,Park City_IL,42.3483554,-87.8842397
268,Rockton,7863,42.4525157,-89.0723317,Rockton_IL,42.4525157,-89.0723317
269,Princeton,7832,41.3680919,-89.4648145,Princeton_IL,41.3680919,-89.4648145
270,West Dundee,7686,42.0980812,-88.2828581,West Dundee_IL,42.0980812,-88.2828581
271,Round Lake Park,7680,42.3569661,-88.0767474,Round Lake Park_IL,42.3569661,-88.0767474
272,Hampshire,7667,42.0978027,-88.5303643,Hampshire_IL,42.0978027,-88.5303643
273,Inverness,7616,42.1180815,-88.0961865,Inverness_IL,42.1180815,-88.0961865
274,Marengo,7568,42.2486332,-88.6084269,Marengo_IL,42.2486332,-88.6084269
275,Vandalia,7458,38.9606009,-89.0936778,Vandalia_IL,38.9606009,-89.0936778
276,North Riverside,7426,41.8461167,-87.8157429,North Riverside_IL,41.8461167,-87.8157429
277,Salem,7282,38.6269929,-88.9456158,Salem_IL,38.6269929,-88.9456158
278,West Frankfort,7275,37.8985966,-88.9233622,West Frankfort_IL,37.8985966,-88.9233622
279,Sandwich,7221,41.6458634,-88.6217432,Sandwich_IL,41.6458634,-88.6217432
280,Robinson,7150,39.0053201,-87.7391935,Robinson_IL,39.0053201,-87.7391935
281,University Park,7145,41.4400344,-87.6833769,University Park_IL,41.4400344,-87.6833769
282,Stickney,7110,41.8177521,-87.7923613,Stickney_IL,41.8177521,-87.7923613
283,Murphysboro,7093,37.7644952,-89.3350888,Murphysboro_IL,37.7644952,-89.3350888
284,Greenville,7083,38.8922687,-89.4131356,Greenville_IL,38.8922687,-89.4131356
285,Mendota,7061,41.5472547,-89.1175851,Mendota_IL,41.5472547,-89.1175851
286,Calumet Park,7025,41.6628909,-87.6607948,Calumet Park_IL,41.6628909,-87.6607948
287,Mount Carmel,7015,38.4108801,-87.7614174,Mount Carmel_IL,38.4108801,-87.7614174
288,Clinton,7004,40.1536479,-88.9645253,Clinton_IL,40.1536479,-88.9645253
289,Orland Hills,6893,41.5853107,-87.8431078,Orland Hills_IL,41.5853107,-87.8431078
290,Chester,6814,37.9136628,-89.8220505,Chester_IL,37.9136628,-89.8220505
291,Benton,6709,37.9967163,-88.9200685,Benton_IL,37.9967163,-88.9200685
292,Winthrop Harbor,6705,42.4789097,-87.8236841,Winthrop Harbor_IL,42.4789097,-87.8236841
293,Litchfield,6605,39.1753256,-89.6542579,Litchfield_IL,39.1753256,-89.6542579
294,Geneseo,6539,41.4480902,-90.1542848,Geneseo_IL,41.4480902,-90.1542848
295,Countryside,6420,41.766022,-87.879523,Countryside_IL,41.766022,-87.879523
296,Johnsburg,6355,42.3800209,-88.2420315,Johnsburg_IL,42.3800209,-88.2420315
297,Braidwood,6194,41.2650318,-88.2122823,Braidwood_IL,41.2650318,-88.2122823
298,Lakemoor,6182,42.3286331,-88.1989732,Lakemoor_IL,42.3286331,-88.1989732
299,Elburn,6175,41.8922499,-88.4723014,Elburn_IL,41.8922499,-88.4723014
300,Chillicothe,6128,40.9222589,-89.4862025,Chillicothe_IL,40.9222589,-89.4862025
301,Volo,6122,42.3261332,-88.167861,Volo_IL,42.3261332,-88.167861
302,Mount Zion,6019,39.7714252,-88.8742405,Mount Zion_IL,39.7714252,-88.8742405
303,Metropolis,5969,37.1511655,-88.7319979,Metropolis_IL,37.1511655,-88.7319979
304,Beardstown,5951,40.0175483,-90.4242916,Beardstown_IL,40.0175483,-90.4242916
305,Bartonville,5945,40.6503158,-89.6520455,Bartonville_IL,40.6503158,-89.6520455
306,Monticello,5941,40.0278116,-88.5733979,Monticello_IL,40.0278116,-88.5733979
307,Peoria Heights,5908,40.7472594,-89.5739845,Peoria Heights_IL,40.7472594,-89.5739845
308,Hillsboro,5902,39.1611586,-89.4936989,Hillsboro_IL,39.1611586,-89.4936989
309,Pontoon Beach,5876,38.7322237,-90.0710336,Pontoon Beach_IL,38.7322237,-90.0710336
310,Willow Springs,5857,41.7408652,-87.8603343,Willow Springs_IL,41.7408652,-87.8603343
311,Carterville,5848,37.7600501,-89.0772991,Carterville_IL,37.7600501,-89.0772991
312,Du Quoin,5827,38.0114393,-89.2361935,Du Quoin_IL,38.0114393,-89.2361935
313,East Alton,5786,38.8803256,-90.1112184,East Alton_IL,38.8803256,-90.1112184
314,Northfield,5751,42.09975,-87.7808967,Northfield_IL,42.09975,-87.7808967
315,Carlinville,5710,39.2797699,-89.8817662,Carlinville_IL,39.2797699,-89.8817662
316,Coal City,5705,41.2878096,-88.2856185,Coal City_IL,41.2878096,-88.2856185
317,Lake Holiday,5687,41.6147906,-88.6759723,Lake Holiday_IL,41.6147906,-88.6759723
318,Wilmington city,5664,41.3078093,-88.1467243,Wilmington city_IL,41.3078093,-88.1467243
319,Posen,5632,41.6317008,-87.681437,Posen_IL,41.6317008,-87.681437
320,Lake Bluff,5616,42.2791365,-87.8443151,Lake Bluff_IL,42.2791365,-87.8443151
321,Spring Valley,5582,41.3275352,-89.1998076,Spring Valley_IL,41.3275352,-89.1998076
322,Spring Grove,5487,42.4436308,-88.2364775,Spring Grove_IL,42.4436308,-88.2364775
323,Berkeley,5338,41.8889194,-87.9033956,Berkeley_IL,41.8889194,-87.9033956
324,Genoa,5298,42.097248,-88.6928688,Genoa_IL,42.097248,-88.6928688
325,Grandwood Park,5297,42.3930768,-87.9867449,Grandwood Park_IL,42.3930768,-87.9867449
326,Eureka,5227,40.7214251,-89.2728627,Eureka_IL,40.7214251,-89.2728627
327,Pana,5199,39.3889311,-89.0800809,Pana_IL,39.3889311,-89.0800809
328,Monee,5128,41.420034,-87.7417114,Monee_IL,41.420034,-87.7417114
329,Candlewick Lake,5115,42.3550692,-88.8682959,Candlewick Lake_IL,42.3550692,-88.8682959
330,Lake Barrington,5100,42.2122015,-88.167149,Lake Barrington_IL,42.2122015,-88.167149
331,Milan,5097,41.453089,-90.5720803,Milan_IL,41.453089,-90.5720803
332,South Barrington,5077,42.0881054,-88.1535352,South Barrington_IL,42.0881054,-88.1535352
333,Highwood,5074,42.1997468,-87.8092335,Highwood_IL,42.1997468,-87.8092335
334,Pinckneyville,5066,38.0803286,-89.3820321,Pinckneyville_IL,38.0803286,-89.3820321
335,Staunton,5054,39.0122684,-89.7912063,Staunton_IL,39.0122684,-89.7912063
336,Poplar Grove,5049,42.3683521,-88.822047,Poplar Grove_IL,42.3683521,-88.822047
337,Colona,5045,41.4839233,-90.3531827,Colona_IL,41.4839233,-90.3531827
338,Creve Coeur,4934,40.6472603,-89.5912098,Creve Coeur_IL,40.6472603,-89.5912098
339,Hoopeston,4915,40.4672587,-87.6683573,Hoopeston_IL,40.4672587,-87.6683573
340,Palos Park,4899,41.6672547,-87.8303315,Palos Park_IL,41.6672547,-87.8303315
341,Fairfield,4883,38.378937,-88.3597683,Fairfield_IL,38.378937,-88.3597683
342,Carmi,4865,38.0908796,-88.1586488,Carmi_IL,38.0908796,-88.1586488
343,Marseilles,4845,41.3308666,-88.7081293,Marseilles_IL,41.3308666,-88.7081293
344,Flora,4803,38.6689364,-88.4856042,Flora_IL,38.6689364,-88.4856042
345,Olympia Fields,4718,41.5131999,-87.6926257,Olympia Fields_IL,41.5131999,-87.6926257
346,Beecher,4713,41.34059,-87.6214286,Beecher_IL,41.34059,-87.6214286
347,Fox River Grove,4702,42.2008575,-88.2145259,Fox River Grove_IL,42.2008575,-88.2145259
348,Lebanon,4691,38.6039375,-89.8073195,Lebanon_IL,38.6039375,-89.8073195
349,Watseka,4679,40.7761465,-87.7364218,Watseka_IL,40.7761465,-87.7364218
350,Shelbyville,4674,39.4064284,-88.7900689,Shelbyville_IL,39.4064284,-88.7900689
351,Sherman,4673,39.8936608,-89.6048231,Sherman_IL,39.8936608,-89.6048231
352,Breese,4641,38.6106042,-89.5270306,Breese_IL,38.6106042,-89.5270306
353,Tuscola,4636,39.7991985,-88.2831038,Tuscola_IL,39.7991985,-88.2831038
354,Robbins,4629,41.6439525,-87.7086725,Robbins_IL,41.6439525,-87.7086725
355,Freeburg,4582,38.4275499,-89.913714,Freeburg_IL,38.4275499,-89.913714
356,Stone Park,4576,41.9055862,-87.8836732,Stone Park_IL,41.9055862,-87.8836732
357,Auburn,4574,39.5917197,-89.7464874,Auburn_IL,39.5917197,-89.7464874
358,Paxton,4450,40.4603125,-88.0953201,Paxton_IL,40.4603125,-88.0953201
359,Sullivan,4413,39.599479,-88.6078392,Sullivan_IL,39.599479,-88.6078392
360,Caseyville,4400,38.6367162,-90.0256606,Caseyville_IL,38.6367162,-90.0256606
361,Cortland,4398,41.9200288,-88.6886963,Cortland_IL,41.9200288,-88.6886963
362,Hometown,4343,41.7306407,-87.7319495,Hometown_IL,41.7306407,-87.7319495
363,Anna,4303,37.4603274,-89.2470282,Anna_IL,37.4603274,-89.2470282
364,Lakewood,4283,42.2224439,-88.3780162,Lakewood_IL,42.2224439,-88.3780162
365,West Peoria,4263,40.6925376,-89.627877,West Peoria_IL,40.6925376,-89.627877
366,Centreville,4232,38.5734689,-90.1198888,Centreville_IL,38.5734689,-90.1198888
367,Pittsfield,4206,39.6078254,-90.8051289,Pittsfield_IL,39.6078254,-90.8051289
368,Lawrenceville,4164,38.7292137,-87.6816927,Lawrenceville_IL,38.7292137,-87.6816927
369,Peotone,4150,41.3322554,-87.7853217,Peotone_IL,41.3322554,-87.7853217
370,Green Oaks,4128,42.2900228,-87.903406,Green Oaks_IL,42.2900228,-87.903406
371,Barrington Hills,4114,42.1391457,-88.1957427,Barrington Hills_IL,42.1391457,-88.1957427
372,Sparta,4095,38.1231053,-89.7017658,Sparta_IL,38.1231053,-89.7017658
373,Kildeer,4091,42.1705807,-88.0478532,Kildeer_IL,42.1705807,-88.0478532
374,Morrison,4085,41.809751,-89.9651186,Morrison_IL,41.809751,-89.9651186
375,Millstadt,4071,38.4614404,-90.0917755,Millstadt_IL,38.4614404,-90.0917755
376,Indian Head Park,4065,41.7698632,-87.8969665,Indian Head Park_IL,41.7698632,-87.8969665
377,Burnham,4046,41.638924,-87.5567108,Burnham_IL,41.638924,-87.5567108
378,Dwight,4032,41.0944767,-88.4250597,Dwight_IL,41.0944767,-88.4250597
379,South Chicago Heights,4026,41.4808681,-87.6378211,South Chicago Heights_IL,41.4808681,-87.6378211
380,Smithton,4006,38.4086616,-89.9920501,Smithton_IL,38.4086616,-89.9920501
381,Dupo,3996,38.5161634,-90.2103903,Dupo_IL,38.5161634,-90.2103903
382,Wonder Lake,3973,42.3852983,-88.3473126,Wonder Lake_IL,42.3852983,-88.3473126
383,Rosewood Heights,3971,38.8858561,-90.0722733,Rosewood Heights_IL,38.8858561,-90.0722733
384,Rosemont,3952,41.9867507,-87.8721602,Rosemont_IL,41.9867507,-87.8721602
385,Marshall,3947,39.3914252,-87.6936384,Marshall_IL,39.3914252,-87.6936384
386,Metamora,3904,40.7905919,-89.3606433,Metamora_IL,40.7905919,-89.3606433
387,Coal Valley,3873,41.4286456,-90.4609648,Coal Valley_IL,41.4286456,-90.4609648
388,Rochester,3863,39.7494943,-89.5317603,Rochester_IL,39.7494943,-89.5317603
389,St. Joseph,3810,40.1117007,-88.0417048,St. Joseph_IL,40.1117007,-88.0417048
390,Red Bud,3804,38.2117172,-89.9942741,Red Bud_IL,38.2117172,-89.9942741
391,Riverwoods,3790,42.1675254,-87.897014,Riverwoods_IL,42.1675254,-87.897014
392,Byron,3784,42.1269692,-89.2556618,Byron_IL,42.1269692,-89.2556618
393,Eldorado,3743,37.8136583,-88.4381029,Eldorado_IL,37.8136583,-88.4381029
394,Forsyth,3734,39.9325368,-88.9511912,Forsyth_IL,39.9325368,-88.9511912
395,Oglesby,3712,41.2953126,-89.0595266,Oglesby_IL,41.2953126,-89.0595266
396,Scott AFB,3688,38.5426987,-89.8551818,Scott AFB_IL,38.5426987,-89.8551818
397,Deer Park,3681,42.1608585,-88.0814651,Deer Park_IL,42.1608585,-88.0814651
398,Long Lake,3663,42.3708546,-88.1275828,Long Lake_IL,42.3708546,-88.1275828
399,Fulton,3647,41.8672508,-90.1595705,Fulton_IL,41.8672508,-90.1595705
400,Fairbury,3633,40.7472566,-88.5147789,Fairbury_IL,40.7472566,-88.5147789
401,Aledo,3633,41.1997568,-90.7493063,Aledo_IL,41.1997568,-90.7493063
402,Tolono,3604,39.9861415,-88.2589387,Tolono_IL,39.9861415,-88.2589387
403,Oregon,3604,42.0147513,-89.3323279,Oregon_IL,42.0147513,-89.3323279
404,Hainesville,3546,42.3450219,-88.067858,Hainesville_IL,42.3450219,-88.067858
405,Riverton,3532,39.8442164,-89.5395417,Riverton_IL,39.8442164,-89.5395417
406,Wadsworth,3517,42.4286813,-87.9039574,Wadsworth_IL,42.4286813,-87.9039574
407,Le Roy,3512,40.3519795,-88.764237,Le Roy_IL,40.3519795,-88.764237
408,Gibson City,3475,40.4653118,-88.3758875,Gibson City_IL,40.4653118,-88.3758875
409,Ingalls Park,3460,41.5195604,-88.0363086,Ingalls Park_IL,41.5195604,-88.0363086
410,New Baden,3428,38.5350488,-89.7006499,New Baden_IL,38.5350488,-89.7006499
411,Germantown Hills,3412,40.7664259,-89.4678689,Germantown Hills_IL,40.7664259,-89.4678689
412,Johnston City,3384,37.8206052,-88.9275695,Johnston City_IL,37.8206052,-88.9275695
413,Galena,3308,42.4166744,-90.4290168,Galena_IL,42.4166744,-90.4290168
414,South Jacksonville,3302,39.7086582,-90.2281761,South Jacksonville_IL,39.7086582,-90.2281761
415,Carlyle,3253,38.6103264,-89.3725796,Carlyle_IL,38.6103264,-89.3725796
416,Pistakee Highlands,3237,42.4086315,-88.2064755,Pistakee Highlands_IL,42.4086315,-88.2064755
417,Virden,3231,39.5008866,-89.7678746,Virden_IL,39.5008866,-89.7678746
418,Sleepy Hollow,3214,42.0941923,-88.3025806,Sleepy Hollow_IL,42.0941923,-88.3025806
419,Madison,3171,38.6825502,-90.1570536,Madison_IL,38.6825502,-90.1570536
420,North Barrington,3171,42.207802,-88.1406349,North Barrington_IL,42.207802,-88.1406349
421,Gillespie,3168,39.1297692,-89.8195407,Gillespie_IL,39.1297692,-89.8195407
422,Westville,3167,40.0422589,-87.6386322,Westville_IL,40.0422589,-87.6386322
423,East Dundee,3152,42.0989145,-88.2714689,East Dundee_IL,42.0989145,-88.2714689
424,Georgetown city,3143,39.9753144,-87.6358546,Georgetown city_IL,39.9753144,-87.6358546
425,Momence,3117,41.1667001,-87.662815,Momence_IL,41.1667001,-87.662815
426,Nashville,3105,38.3436612,-89.3806398,Nashville_IL,38.3436612,-89.3806398
427,Rushville,3005,40.1211577,-90.5631829,Rushville_IL,40.1211577,-90.5631829
428,Dixmoor,2973,41.6298973,-87.6609098,Dixmoor_IL,41.6298973,-87.6609098
429,Havana,2963,40.3000428,-90.0609506,Havana_IL,40.3000428,-90.0609506
430,Abingdon,2951,40.8044833,-90.4017954,Abingdon_IL,40.8044833,-90.4017954
431,Winnebago,2940,42.2661311,-89.2412202,Winnebago_IL,42.2661311,-89.2412202
432,Arcola,2927,39.684755,-88.3064367,Arcola_IL,39.684755,-88.3064367
433,Cherry Valley,2905,42.2347434,-88.9489912,Cherry Valley_IL,42.2347434,-88.9489912
434,Knoxville,2901,40.9083715,-90.2848476,Knoxville_IL,40.9083715,-90.2848476
435,Preston Heights,2898,41.4916977,-88.0817244,Preston Heights_IL,41.4916977,-88.0817244
436,Mount Morris,2861,42.0503062,-89.4312201,Mount Morris_IL,42.0503062,-89.4312201
437,Holiday Shores,2840,38.921991,-89.940657,Holiday Shores_IL,38.921991,-89.940657
438,Heyworth,2791,40.3133697,-88.9736901,Heyworth_IL,40.3133697,-88.9736901
439,Savanna,2783,42.0944671,-90.1567944,Savanna_IL,42.0944671,-90.1567944
440,Newton,2777,38.9908766,-88.1625389,Newton_IL,38.9908766,-88.1625389
441,Lena,2772,42.3794586,-89.8223426,Lena_IL,42.3794586,-89.8223426
442,Venetian Village,2761,42.3986321,-88.0525806,Venetian Village_IL,42.3986321,-88.0525806
443,El Paso,2756,40.7392017,-89.0164626,El Paso_IL,40.7392017,-89.0164626
444,Hamilton,2753,40.3964333,-91.3390389,Hamilton_IL,40.3964333,-91.3390389
445,Oakbrook Terrace,2751,41.8500302,-87.9645077,Oakbrook Terrace_IL,41.8500302,-87.9645077
446,Bushnell,2718,40.5528183,-90.50624,Bushnell_IL,40.5528183,-90.50624
447,Christopher,2697,37.9725501,-89.053408,Christopher_IL,37.9725501,-89.053408
448,Trenton,2690,38.605604,-89.6820368,Trenton_IL,38.605604,-89.6820368
449,Fox Lake Hills,2684,42.4080763,-88.1317505,Fox Lake Hills_IL,42.4080763,-88.1317505
450,Pawnee,2678,39.5917186,-89.5803739,Pawnee_IL,39.5917186,-89.5803739
451,McLeansboro,2675,38.0933811,-88.5356076,McLeansboro_IL,38.0933811,-88.5356076
452,Tilton,2660,40.0953144,-87.6475212,Tilton_IL,40.0953144,-87.6475212
453,Diamond,2640,41.2886428,-88.2517287,Diamond_IL,41.2886428,-88.2517287
454,Sumner,2631,38.7169918,-87.8614202,Sumner_IL,38.7169918,-87.8614202
455,Round Lake Heights,2622,42.3800212,-88.1042489,Round Lake Heights_IL,42.3800212,-88.1042489
456,Washington Park,2592,38.636867,-90.0931614,Washington Park_IL,38.636867,-90.0931614
457,Marquette Heights,2541,40.6175383,-89.6003776,Marquette Heights_IL,40.6175383,-89.6003776
458,Kenilworth,2514,42.085862,-87.7175607,Kenilworth_IL,42.085862,-87.7175607
459,Davis Junction,2512,42.1016919,-89.0931574,Davis Junction_IL,42.1016919,-89.0931574
460,Carthage,2490,40.416433,-91.1362537,Carthage_IL,40.416433,-91.1362537
461,Carrollton,2485,39.3022693,-90.4070632,Carrollton_IL,39.3022693,-90.4070632
462,Villa Grove,2472,39.8628101,-88.1622654,Villa Grove_IL,39.8628101,-88.1622654
463,Galva,2470,41.167537,-90.0426136,Galva_IL,41.167537,-90.0426136
464,Sheridan,2431,41.5300309,-88.6797969,Sheridan_IL,41.5300309,-88.6797969
465,Casey,2404,39.2992037,-87.9925339,Casey_IL,39.2992037,-87.9925339
466,Lake of the Woods,2403,40.2064217,-88.3686663,Lake of the Woods_IL,40.2064217,-88.3686663
467,Fairmont,2389,41.5561421,-88.0592251,Fairmont_IL,41.5561421,-88.0592251
468,Farmington,2389,40.6980932,-90.0059483,Farmington_IL,40.6980932,-90.0059483
469,Thornton,2386,41.5680904,-87.6080999,Thornton_IL,41.5680904,-87.6080999
470,Seneca,2353,41.3111442,-88.6097936,Seneca_IL,41.3111442,-88.6097936
471,Lake Summerset,2342,42.454458,-89.3895593,Lake Summerset_IL,42.454458,-89.3895593
472,Aviston,2340,38.6067151,-89.6075894,Aviston_IL,38.6067151,-89.6075894
473,Henry,2320,41.1114249,-89.3564776,Henry_IL,41.1114249,-89.3564776
474,White Hall,2295,39.4369917,-90.403177,White Hall_IL,39.4369917,-90.403177
475,Polo,2291,41.986141,-89.5792782,Polo_IL,41.986141,-89.5792782
476,Wayne,2286,41.9508336,-88.242369,Wayne_IL,41.9508336,-88.242369
477,Amboy,2278,41.7141997,-89.3287061,Amboy_IL,41.7141997,-89.3287061
478,Tremont,2277,40.5275392,-89.4925979,Tremont_IL,40.5275392,-89.4925979
479,Fairmont City,2265,38.6514591,-90.1030683,Fairmont City_IL,38.6514591,-90.1030683
480,Petersburg,2258,40.0117151,-89.8481652,Petersburg_IL,40.0117151,-89.8481652
481,Arthur,2231,39.7147552,-88.472278,Arthur_IL,39.7147552,-88.472278
482,Elwood,2229,41.4039201,-88.1117242,Elwood_IL,41.4039201,-88.1117242
483,Brighton,2221,39.0397688,-90.1406643,Brighton_IL,39.0397688,-90.1406643
484,Altamont,2216,39.061988,-88.7481108,Altamont_IL,39.061988,-88.7481108
485,Nokomis,2142,39.3011566,-89.285085,Nokomis_IL,39.3011566,-89.285085
486,Knollwood,2121,42.2861339,-87.8856275,Knollwood_IL,42.2861339,-87.8856275
487,Lexinton,2090,40.6414237,-88.7834001,Lexinton_IL,40.6414237,-88.7834001
488,Pecatonica,2090,42.3139078,-89.3592788,Pecatonica_IL,42.3139078,-89.3592788
489,Richmond,2089,42.4758522,-88.3059251,Richmond_IL,42.4758522,-88.3059251
490,Cambridge,2086,41.3036472,-90.1928971,Cambridge_IL,41.3036472,-90.1928971
491,Mason City,2077,40.2022663,-89.6981639,Mason City_IL,40.2022663,-89.6981639
492,Oakwood Hills,2076,42.2464123,-88.2428615,Oakwood Hills_IL,42.2464123,-88.2428615
493,Fisher,2062,40.3147554,-88.3500541,Fisher_IL,40.3147554,-88.3500541
494,Elmwood,2058,40.7778151,-89.9665017,Elmwood_IL,40.7778151,-89.9665017
495,Lewistown,2041,40.3930973,-90.1548421,Lewistown_IL,40.3930973,-90.1548421
496,Mount Olive,2015,39.072269,-89.7273148,Mount Olive_IL,39.072269,-89.7273148
497,Rockdale,2012,41.5061419,-88.1145036,Rockdale_IL,41.5061419,-88.1145036
498,Hinckley  ,2006,41.7689183,-88.640913,Hinckley  _IL,41.7689183,-88.640913
499,Mount Sterling,2006,39.9872707,-90.763463,Mount Sterling_IL,39.9872707,-90.763463
500,Catlin,1983,40.0650363,-87.7019675,Catlin_IL,40.0650363,-87.7019675
501,Athens,1977,39.9608826,-89.7239944,Athens_IL,39.9608826,-89.7239944
502,Albion,1971,38.3775484,-88.0561465,Albion_IL,38.3775484,-88.0561465
503,Merrionette Park,1969,41.6842004,-87.7003277,Merrionette Park_IL,41.6842004,-87.7003277
504,Prairie Grove,1963,42.2786339,-88.2609184,Prairie Grove_IL,42.2786339,-88.2609184
505,Roanoke,1960,40.7961465,-89.1973042,Roanoke_IL,40.7961465,-89.1973042
506,New Athens,1955,38.3264383,-89.8770468,New Athens_IL,38.3264383,-89.8770468
507,Prophetstown,1946,41.6714198,-89.9362249,Prophetstown_IL,41.6714198,-89.9362249
508,Steeleville,1930,38.007273,-89.6584326,Steeleville_IL,38.007273,-89.6584326
509,Minonk,1928,40.9044778,-89.0345224,Minonk_IL,40.9044778,-89.0345224
510,South Roxana,1891,38.8294924,-90.0628834,South Roxana_IL,38.8294924,-90.0628834
511,Sesser,1888,38.0917168,-89.0503512,Sesser_IL,38.0917168,-89.0503512
512,Mackinaw,1879,40.5369829,-89.3575913,Mackinaw_IL,40.5369829,-89.3575913
513,Lacon,1878,41.0247583,-89.4112007,Lacon_IL,41.0247583,-89.4112007
514,Bellevue,1878,40.684482,-89.6801015,Bellevue_IL,40.684482,-89.6801015
515,Carbon Cliff,1846,41.4947564,-90.3906844,Carbon Cliff_IL,41.4947564,-90.3906844
516,Marissa,1833,38.2500481,-89.7500988,Marissa_IL,38.2500481,-89.7500988
517,Crystal Lawns,1830,41.5705713,-88.1540687,Crystal Lawns_IL,41.5705713,-88.1540687
518,Farmer City,1828,40.2433676,-88.6425668,Farmer City_IL,40.2433676,-88.6425668
519,Ford Heights,1813,41.506424,-87.5917092,Ford Heights_IL,41.506424,-87.5917092
520,Bridgeport,1800,38.7058806,-87.7600285,Bridgeport_IL,38.7058806,-87.7600285
521,Lake Camelot,1798,40.6353788,-89.755303,Lake Camelot_IL,40.6353788,-89.755303
522,Somonauk,1786,41.6337127,-88.6810594,Somonauk_IL,41.6337127,-88.6810594
523,Girard,1785,39.4464409,-89.7809301,Girard_IL,39.4464409,-89.7809301
524,Forest Lake,1784,42.2075243,-88.0556323,Forest Lake_IL,42.2075243,-88.0556323
525,Hampton,1779,41.5558667,-90.4092971,Hampton_IL,41.5558667,-90.4092971
526,Moweaqua,1764,39.6247614,-89.0189684,Moweaqua_IL,39.6247614,-89.0189684
527,Orion,1754,41.3547575,-90.3815165,Orion_IL,41.3547575,-90.3815165
528,Hudson,1753,40.6058688,-88.9872965,Hudson_IL,40.6058688,-88.9872965
529,Gilman,1738,40.7667015,-87.992262,Gilman_IL,40.7667015,-87.992262
530,Cairo,1733,37.0053293,-89.1764608,Cairo_IL,37.0053293,-89.1764608
531,Stockton,1728,42.3497355,-90.0067916,Stockton_IL,42.3497355,-90.0067916
532,Chenoa,1720,40.7417013,-88.7197856,Chenoa_IL,40.7417013,-88.7197856
533,Jonesboro,1711,37.4517163,-89.2681402,Jonesboro_IL,37.4517163,-89.2681402
534,Phoenix,1708,41.6111456,-87.6347683,Phoenix_IL,41.6111456,-87.6347683
535,Jerome,1692,39.767551,-89.6806558,Jerome_IL,39.767551,-89.6806558
536,Carrier Mills,1672,37.6842156,-88.6328326,Carrier Mills_IL,37.6842156,-88.6328326
537,Atlanta,1669,40.2594846,-89.2334236,Atlanta_IL,40.2594846,-89.2334236
538,Port Byron,1668,41.6064219,-90.3354061,Port Byron_IL,41.6064219,-90.3354061
539,Prestbury,1657,41.7827545,-88.4236367,Prestbury_IL,41.7827545,-88.4236367
540,Kirkland,1650,42.0925258,-88.8512063,Kirkland_IL,42.0925258,-88.8512063
541,Ina,1641,38.1511606,-88.9039554,Ina_IL,38.1511606,-88.9039554
542,Princeville,1636,40.9297591,-89.7576021,Princeville_IL,40.9297591,-89.7576021
543,De Pue,1633,41.3242061,-89.3074244,De Pue_IL,41.3242061,-89.3074244
544,Bunker Hill,1630,39.0428239,-89.951769,Bunker Hill_IL,39.0428239,-89.951769
545,Teutopolis,1618,39.1330967,-88.4719918,Teutopolis_IL,39.1330967,-88.4719918
546,Earlville,1613,41.5894754,-88.9220265,Earlville_IL,41.5894754,-88.9220265
547,Thomson,1610,41.9589158,-90.0992924,Thomson_IL,41.9589158,-90.0992924
548,Rome,1604,40.8830924,-89.502592,Rome_IL,40.8830924,-89.502592
549,Dunlap,1603,40.8617037,-89.6787104,Dunlap_IL,40.8617037,-89.6787104
550,Southern View,1596,39.757273,-89.65371,Southern View_IL,39.757273,-89.65371
551,Port Barrington,1584,42.2425236,-88.2020267,Port Barrington_IL,42.2425236,-88.2020267
552,Channel Lake,1581,42.4786305,-88.1375856,Channel Lake_IL,42.4786305,-88.1375856
553,Roodhouse,1578,39.4839361,-90.3715105,Roodhouse_IL,39.4839361,-90.3715105
554,Maroa,1577,40.0364257,-88.957026,Maroa_IL,40.0364257,-88.957026
555,Winchester,1574,39.6297689,-90.4562355,Winchester_IL,39.6297689,-90.4562355
556,Delavan,1568,40.3725414,-89.5473245,Delavan_IL,40.3725414,-89.5473245
557,Alorton,1566,38.589773,-90.1201087,Alorton_IL,38.589773,-90.1201087
558,Limestone,1558,41.132143,-87.968352,Limestone_IL,41.132143,-87.968352
559,Manito,1552,40.4258736,-89.7792762,Manito_IL,40.4258736,-89.7792762
560,Grayville,1550,38.257547,-87.9936436,Grayville_IL,38.257547,-87.9936436
561,Mount Pulaski,1537,40.0108767,-89.282314,Mount Pulaski_IL,40.0108767,-89.282314
562,Twin Grove,1524,40.4933701,-89.0798018,Twin Grove_IL,40.4933701,-89.0798018
563,Heritage Lake,1523,40.54713,-89.3254948,Heritage Lake_IL,40.54713,-89.3254948
564,Herscher,1521,41.0491989,-88.0978262,Herscher_IL,41.0491989,-88.0978262
565,Erie,1518,41.6564203,-90.0792859,Erie_IL,41.6564203,-90.0792859
566,Virginia,1514,39.9511595,-90.2123426,Virginia_IL,39.9511595,-90.2123426
567,Warsaw,1510,40.359211,-91.4345978,Warsaw_IL,40.359211,-91.4345978
568,East Dubuque,1505,42.4922253,-90.6429054,East Dubuque_IL,42.4922253,-90.6429054
569,Cambria,1505,37.7814392,-89.1192454,Cambria_IL,37.7814392,-89.1192454
570,Lanark,1504,42.1022465,-89.8334527,Lanark_IL,42.1022465,-89.8334527
571,Hodgkins,1500,41.7689207,-87.857835,Hodgkins_IL,41.7689207,-87.857835
572,The Galena Territory,1500,42.4032046,-90.3277829,The Galena Territory_IL,42.4032046,-90.3277829
573,Venice,1498,38.6722727,-90.169832,Venice_IL,38.6722727,-90.169832
574,Bement  ,1484,39.9219782,-88.572008,Bement  _IL,39.9219782,-88.572008
575,Zeigler,1484,37.8994945,-89.0520194,Zeigler_IL,37.8994945,-89.0520194
576,Mount Carroll,1479,42.0950233,-89.9781797,Mount Carroll_IL,42.0950233,-89.9781797
577,North Pekin,1478,40.6150384,-89.6223229,North Pekin_IL,40.6150384,-89.6223229
578,Benld,1464,39.0928246,-89.8039845,Benld_IL,39.0928246,-89.8039845
579,Gridley,1456,40.7433682,-88.8814578,Gridley_IL,40.7433682,-88.8814578
580,Roxana  ,1454,38.846767,-90.0607398,Roxana  _IL,38.846767,-90.0607398
581,Leland Grove,1454,39.7769953,-89.6792671,Leland Grove_IL,39.7769953,-89.6792671
582,Crainville,1443,37.7519945,-89.0678542,Crainville_IL,37.7519945,-89.0678542
583,Forreston,1435,42.1261367,-89.5792801,Forreston_IL,42.1261367,-89.5792801
584,Maple Park  ,1433,41.9075282,-88.5992494,Maple Park  _IL,41.9075282,-88.5992494
585,Waterman,1433,41.7716963,-88.7736942,Waterman_IL,41.7716963,-88.7736942
586,Williamsville,1425,39.954216,-89.5487126,Williamsville_IL,39.954216,-89.5487126
587,De Soto,1407,37.8175505,-89.2278613,De Soto_IL,37.8175505,-89.2278613
588,Grandview,1405,39.816439,-89.6187102,Grandview_IL,39.816439,-89.6187102
589,Neoga,1398,39.3194817,-88.4528261,Neoga_IL,39.3194817,-88.4528261
590,Capron,1395,42.3997407,-88.7403793,Capron_IL,42.3997407,-88.7403793
591,Philo,1392,40.0069761,-88.1580999,Philo_IL,40.0069761,-88.1580999
592,Durand,1390,42.4364033,-89.3320582,Durand_IL,42.4364033,-89.3320582
593,New Berlin,1381,39.7253276,-89.9106632,New Berlin_IL,39.7253276,-89.9106632
594,Oblong,1371,39.0019867,-87.9089204,Oblong_IL,39.0019867,-87.9089204
595,Okawville,1369,38.4342163,-89.5503676,Okawville_IL,38.4342163,-89.5503676
596,Hebron,1368,42.4716853,-88.432318,Hebron_IL,42.4716853,-88.432318
597,Gardner,1366,41.1855879,-88.3097827,Gardner_IL,41.1855879,-88.3097827
598,Greenup,1365,39.2478159,-88.1633719,Greenup_IL,39.2478159,-88.1633719
599,Granville,1359,41.2581956,-89.2277026,Granville_IL,41.2581956,-89.2277026
600,St. Jacob,1358,38.7139365,-89.7681496,St. Jacob_IL,38.7139365,-89.7681496
601,Clifton,1352,40.9353109,-87.9344851,Clifton_IL,40.9353109,-87.9344851
602,Kincaid,1349,39.5886601,-89.4145363,Kincaid_IL,39.5886601,-89.4145363
603,Willowbrook CDP,1346,41.457813,-87.5364288,Willowbrook CDP_IL,41.457813,-87.5364288
604,Vienna,1343,37.4153295,-88.8978434,Vienna_IL,37.4153295,-88.8978434
605,Toluca,1340,41.0022556,-89.133416,Toluca_IL,41.0022556,-89.133416
606,Onarga,1333,40.715035,-88.0061509,Onarga_IL,40.715035,-88.0061509
607,Oakwood,1325,40.1161471,-87.7783592,Oakwood_IL,40.1161471,-87.7783592
608,Germantown,1324,38.5536601,-89.5384209,Germantown_IL,38.5536601,-89.5384209
609,Warren,1323,42.4963957,-89.9895681,Warren_IL,42.4963957,-89.9895681
610,North Utica,1323,41.341412,-89.009716,North Utica_IL,41.341412,-89.009716
611,Cerro Gordo,1316,39.8905912,-88.7281262,Cerro Gordo_IL,39.8905912,-88.7281262
612,Chrisman,1312,39.8036467,-87.673635,Chrisman_IL,39.8036467,-87.673635
613,Walnut,1311,41.5567012,-89.5934315,Walnut_IL,41.5567012,-89.5934315
614,Harristown,1310,39.8539279,-89.0839704,Harristown_IL,39.8539279,-89.0839704
615,Barry,1303,39.6942134,-91.0390246,Barry_IL,39.6942134,-91.0390246
616,Wyoming,1300,41.0617037,-89.7731578,Wyoming_IL,41.0617037,-89.7731578
617,East Hazel Crest,1297,41.5754519,-87.6461965,East Hazel Crest_IL,41.5754519,-87.6461965
618,Grant Park,1294,41.2411449,-87.6461491,Grant Park_IL,41.2411449,-87.6461491
619,Lake Catherine,1279,42.4791861,-88.1334188,Lake Catherine_IL,42.4791861,-88.1334188
620,Ladd,1263,41.3825348,-89.2189748,Ladd_IL,41.3825348,-89.2189748
621,Long Creek,1261,39.8119806,-88.8475739,Long Creek_IL,39.8119806,-88.8475739
622,Bethany,1255,39.6455916,-88.7381252,Bethany_IL,39.6455916,-88.7381252
623,St. Elmo,1254,39.0262351,-88.8537254,St. Elmo_IL,39.0262351,-88.8537254
624,Hanna City,1253,40.6917043,-89.7951061,Hanna City_IL,40.6917043,-89.7951061
625,Palestine  ,1233,39.0036537,-87.612802,Palestine  _IL,39.0036537,-87.612802
626,Valmeyer,1233,38.3107613,-90.2806986,Valmeyer_IL,38.3107613,-90.2806986
627,Tower Lakes,1226,42.2338015,-88.1559741,Tower Lakes_IL,42.2338015,-88.1559741
628,Hillcrest,1224,41.9511398,-89.0645413,Hillcrest_IL,41.9511398,-89.0645413
629,Rossville,1221,40.3792031,-87.6686342,Rossville_IL,40.3792031,-87.6686342
630,Ashland,1218,39.8878264,-90.0078907,Ashland_IL,39.8878264,-90.0078907
631,Mitchell,1217,38.7642758,-90.0805169,Mitchell_IL,38.7642758,-90.0805169
632,Sidney,1208,40.0250332,-88.0733729,Sidney_IL,40.0250332,-88.0733729
633,Downs,1201,40.39698,-88.8706291,Downs_IL,40.39698,-88.8706291
634,Waverly,1194,39.5917158,-89.9528847,Waverly_IL,39.5917158,-89.9528847
635,Toulon,1193,41.0936481,-89.8648283,Toulon_IL,41.0936481,-89.8648283
636,Hartford  ,1185,38.8333815,-90.09594,Hartford  _IL,38.8333815,-90.09594
637,Chatsworth,1185,40.7536464,-88.2919947,Chatsworth_IL,40.7536464,-88.2919947
638,Andalusia  ,1184,41.4391986,-90.717641,Andalusia  _IL,41.4391986,-90.717641
639,Cuba,1184,40.4928181,-90.1906768,Cuba_IL,40.4928181,-90.1906768
640,Macon,1177,39.7128155,-88.9970218,Macon_IL,39.7128155,-88.9970218
641,La Harpe,1175,40.5833749,-90.9693057,La Harpe_IL,40.5833749,-90.9693057
642,St. Anne  ,1161,41.0229518,-87.7181619,St. Anne  _IL,41.0229518,-87.7181619
643,Toledo,1161,39.2736491,-88.2436522,Toledo_IL,39.2736491,-88.2436522
644,Milford,1158,40.6283696,-87.6961395,Milford_IL,40.6283696,-87.6961395
645,Sandoval,1157,38.6156043,-89.1142343,Sandoval_IL,38.6156043,-89.1142343
646,Assumption,1155,39.5203188,-89.0489712,Assumption_IL,39.5203188,-89.0489712
647,Minier,1154,40.4336504,-89.3131465,Minier_IL,40.4336504,-89.3131465
648,Norris City,1145,37.9811576,-88.3292103,Norris City_IL,37.9811576,-88.3292103
649,Malta,1143,41.929751,-88.8609238,Malta_IL,41.929751,-88.8609238
650,Divernon,1139,39.5656082,-89.6573192,Divernon_IL,39.5656082,-89.6573192
651,Louisville,1136,38.772269,-88.5025485,Louisville_IL,38.772269,-88.5025485
652,Oquawka,1134,40.931982,-90.9470863,Oquawka_IL,40.931982,-90.9470863
653,Blue Mound,1133,39.7011516,-89.1231356,Blue Mound_IL,39.7011516,-89.1231356
654,Bull Valley,1128,42.3205772,-88.3550887,Bull Valley_IL,42.3205772,-88.3550887
655,Albers  ,1121,38.5433823,-89.6123129,Albers  _IL,38.5433823,-89.6123129
656,Camp Point,1121,40.0392139,-91.0693041,Camp Point_IL,40.0392139,-91.0693041
657,Martinsville,1118,39.3355924,-87.8819761,Martinsville_IL,39.3355924,-87.8819761
658,Atwood,1116,39.7994772,-88.4622789,Atwood_IL,39.7994772,-88.4622789
659,Third Lake,1111,42.3739105,-88.0109121,Third Lake_IL,42.3739105,-88.0109121
660,Warrensburg,1110,39.9328162,-89.0620278,Warrensburg_IL,39.9328162,-89.0620278
661,Kingston  ,1108,42.0997482,-88.7589818,Kingston  _IL,42.0997482,-88.7589818
662,Colchester,1108,40.4264306,-90.7926324,Colchester_IL,40.4264306,-90.7926324
663,Big Rock,1104,41.7639181,-88.5470219,Big Rock_IL,41.7639181,-88.5470219
664,Central City,1098,38.5489379,-89.127014,Central City_IL,38.5489379,-89.127014
665,Griggsville,1097,39.7089361,-90.7245722,Griggsville_IL,39.7089361,-90.7245722
666,Worden,1096,38.9314354,-89.838986,Worden_IL,38.9314354,-89.838986
667,Danvers,1089,40.5294818,-89.1773055,Danvers_IL,40.5294818,-89.1773055
668,Edinburg,1085,39.6572697,-89.3895338,Edinburg_IL,39.6572697,-89.3895338
669,Windsor city,1079,39.4408693,-88.5947802,Windsor city_IL,39.4408693,-88.5947802
670,Stillman Valley,1075,42.1072475,-89.1792706,Stillman Valley_IL,42.1072475,-89.1792706
671,Cobden,1074,37.5314386,-89.253418,Cobden_IL,37.5314386,-89.253418
672,Homer,1073,40.0347569,-87.9580892,Homer_IL,40.0347569,-87.9580892
673,Lovington,1069,39.71559,-88.6325641,Lovington_IL,39.71559,-88.6325641
674,Royalton   ,1068,37.8769946,-89.1145223,Royalton   _IL,37.8769946,-89.1145223
675,Goreville,1068,37.5544953,-88.9722932,Goreville_IL,37.5544953,-88.9722932
676,Greenfield,1059,39.3436577,-90.2126145,Greenfield_IL,39.3436577,-90.2126145
677,Shawneetown,1054,37.713102,-88.1867027,Shawneetown_IL,37.713102,-88.1867027
678,Chebanse,1044,41.003088,-87.9080965,Chebanse_IL,41.003088,-87.9080965
679,Forrest,1041,40.7519792,-88.4111647,Forrest_IL,40.7519792,-88.4111647
680,Thomasboro,1034,40.2417001,-88.1842134,Thomasboro_IL,40.2417001,-88.1842134
681,Lily Lake  ,1032,41.9489159,-88.4778586,Lily Lake  _IL,41.9489159,-88.4778586
682,Washburn,1032,40.919202,-89.2911972,Washburn_IL,40.919202,-89.2911972
683,Milledgeville,1026,41.9633615,-89.7745604,Milledgeville_IL,41.9633615,-89.7745604
684,Payson,1025,39.8169907,-91.2423656,Payson_IL,39.8169907,-91.2423656
685,Bannockburn,1013,42.1933581,-87.8664579,Bannockburn_IL,42.1933581,-87.8664579
686,Flanagan,1010,40.878089,-88.8611818,Flanagan_IL,40.878089,-88.8611818
687,Odell,1003,41.0036429,-88.5253364,Odell_IL,41.0036429,-88.5253364
688,Morrisonville,997,39.4200501,-89.4556486,Morrisonville_IL,39.4200501,-89.4556486
689,Colfax  ,996,40.5669788,-88.6164508,Colfax  _IL,40.5669788,-88.6164508
690,South Pekin,996,40.4944838,-89.6517711,South Pekin_IL,40.4944838,-89.6517711
691,Wayne City,994,38.345326,-88.5878312,Wayne City_IL,38.345326,-88.5878312
692,McCullom Lake,988,42.3683543,-88.2925883,McCullom Lake_IL,42.3683543,-88.2925883
693,Wamac,985,38.5089381,-89.1406267,Wamac_IL,38.5089381,-89.1406267
694,Rosiclare,980,37.4236626,-88.3461483,Rosiclare_IL,37.4236626,-88.3461483
695,Mazon,979,41.2414216,-88.4195101,Mazon_IL,41.2414216,-88.4195101
696,Energy  ,974,37.7739389,-89.0264634,Energy  _IL,37.7739389,-89.0264634
697,Wenona,974,41.0525331,-89.0503587,Wenona_IL,41.0525331,-89.0503587
698,Newark,973,41.536975,-88.5834068,Newark_IL,41.536975,-88.5834068
699,Ashton,967,41.8661417,-89.2212088,Ashton_IL,41.8661417,-89.2212088
700,Sheldon  ,965,40.7692032,-87.5639173,Sheldon  _IL,40.7692032,-87.5639173
701,Atkinson,965,41.4208678,-90.0151121,Atkinson_IL,41.4208678,-90.0151121
702,Rapids City,964,41.5817,-90.3434615,Rapids City_IL,41.5817,-90.3434615
703,Leland,951,41.6125306,-88.7995237,Leland_IL,41.6125306,-88.7995237
704,Nauvoo,950,40.550042,-91.3848749,Nauvoo_IL,40.550042,-91.3848749
705,Raymond,949,39.3194941,-89.5720367,Raymond_IL,39.3194941,-89.5720367
706,Goodfield,936,40.6297593,-89.2748084,Goodfield_IL,40.6297593,-89.2748084
707,Odin,935,38.617271,-89.0522867,Odin_IL,38.617271,-89.0522867
708,Hamel  ,929,38.8889357,-89.845375,Hamel  _IL,38.8889357,-89.845375
709,Astoria,929,40.227545,-90.3595683,Astoria_IL,40.227545,-90.3595683
710,Mansfield,928,40.211422,-88.5061721,Mansfield_IL,40.211422,-88.5061721
711,Pleasant Hill,924,39.4433806,-90.8723526,Pleasant Hill_IL,39.4433806,-90.8723526
712,Beckemeyer,923,38.6056043,-89.4359158,Beckemeyer_IL,38.6056043,-89.4359158
713,Argenta,913,39.9819808,-88.8228534,Argenta_IL,39.9819808,-88.8228534
714,Marine,912,38.7864361,-89.7775939,Marine_IL,38.7864361,-89.7775939
