Population,Violent,Murder and,Rape,Rape,Robbery,Aggravated,Property,Burglary,Larceny-,Motor,Arson,,,
,crime,nonnegligent,(revised,(legacy,,assault,crime,,theft,vehicle,,,,
,,manslaughter,definition1),definition2),,,,,,theft,,,,
37246,50,0,4,,18,28,653,77,536,40,2,"Addison, IL",41.931696,-87.9889556
887,0,0,0,,0,0,39,23,16,0,0,"Albany, IL",41.7894748,-90.2192941
3549,0,0,0,,0,0,37,5,32,0,0,"Aledo, IL",41.1997568,-90.7493063
805,0,0,0,,0,0,12,2,9,1,0,"Alexis, IL",41.0633703,-90.5559675
30673,12,0,4,,1,7,381,30,349,2,1,"Algonquin, IL",42.1655801,-88.2942493
19357,19,0,0,,19,0,546,109,407,30,1,"Alsip, IL",41.6689223,-87.7386619
2306,1,0,0,,0,1,33,12,20,1,0,"Altamont, IL",39.061988,-88.7481108
26829,143,2,28,,31,82,1073,266,761,46,5,"Alton, IL",38.8906038,-90.1842764
2330,2,0,1,,0,1,22,5,17,0,0,"Amboy, IL",41.7141997,-89.3287061
4300,15,0,0,,4,11,112,12,97,3,0,"Anna, IL",37.4603274,-89.2470282
854,0,0,0,,0,0,10,3,7,0,0,"Annawan, IL",41.3972573,-89.9045517
14302,25,0,10,,3,12,201,24,168,9,0,"Antioch, IL",42.4772418,-88.0956396
76077,58,0,8,,14,36,722,79,624,19,3,"Arlington Heights, IL",42.0883603,-87.9806265
2288,5,0,1,,0,4,20,2,17,1,0,"Arthur, IL",39.7147552,-88.472278
1241,0,0,0,,0,0,5,1,4,0,0,"Ashland, IL",39.8878264,-90.0078907
1106,3,0,0,,0,3,14,8,6,0,0,"Assumption, IL",39.5203188,-89.0489712
1928,2,0,0,,0,2,23,3,20,0,0,"Athens, IL",39.9608826,-89.7239944
4788,3,0,2,,0,1,76,21,53,2,0,"Auburn, IL",39.5917197,-89.7464874
201159,631,7,57,,130,437,2867,441,2259,167,21,"Aurora, IL",41.7605849,-88.3200715
2108,2,0,0,,0,2,4,0,4,0,0,"Aviston, IL",38.6067151,-89.6075894
1569,0,0,0,,0,0,14,0,14,0,0,"Bannockburn, IL",42.1933581,-87.8664579
10357,3,1,1,,0,1,76,7,65,4,0,"Barrington, IL",42.1539141,-88.1361888
4256,0,0,0,,0,0,23,1,22,0,0,"Barrington Hills, IL",42.1391457,-88.1957427
1266,3,0,0,,0,3,22,5,15,2,0,"Barry, IL",39.6942134,-91.0390246
41600,32,0,1,,8,23,250,17,226,7,3,"Bartlett, IL",41.9950276,-88.1856301
6367,33,0,3,,4,26,176,28,141,7,0,"Bartonville, IL",40.6503158,-89.6520455
26558,26,0,3,,3,20,414,15,394,5,6,"Batavia, IL",41.8500284,-88.3125738
5664,62,0,2,,1,59,,,,0,0,"Beardstown3, IL",40.0175483,-90.4242916
4465,3,0,0,,2,1,26,1,23,2,1,"Beecher, IL",41.34059,-87.6214286
398,0,0,0,,0,0,2,0,2,0,0,"Belgium, IL",40.0614255,-87.6380766
41638,253,1,30,,51,171,1659,471,1108,80,9,"Belleville, IL",38.5200504,-89.9839935
19353,103,2,14,,46,41,406,102,264,40,2,"Bellwood, IL",41.8814197,-87.883117
25049,65,0,19,,3,43,280,42,227,11,6,"Belvidere, IL",42.2639098,-88.8442674
18454,21,1,7,,8,5,291,56,209,26,0,"Bensenville, IL",41.9550296,-87.9400657
5201,10,0,1,,4,5,87,15,69,3,0,"Berkeley, IL",41.8889194,-87.9033956
56305,170,2,15,,73,80,1235,273,889,73,3,"Berwyn, IL",41.8505874,-87.7936685
9314,9,0,2,,6,1,115,10,101,4,0,"Bethalto, IL",38.9092138,-90.0406608
614,0,0,0,,0,0,3,0,3,0,0,"Blandinsville, IL",40.556152,-90.8659692
78604,307,0,42,,59,206,1347,224,1064,59,11,"Bloomington, IL",40.4842027,-88.9936873
23637,115,1,11,,49,54,567,127,381,59,1,"Blue Island, IL",41.6572562,-87.6800486
670,0,0,0,,0,0,0,0,0,0,0,"Bluffs, IL",39.7519902,-90.5351258
74471,158,2,23,,18,115,944,111,782,51,3,"Bolingbrook, IL",41.6986416,-88.0683955
18552,20,0,0,,1,19,353,33,316,4,0,"Bourbonnais, IL",41.1760108,-87.879523
15561,40,0,6,,14,20,512,51,447,14,0,"Bradley, IL",41.1419768,-87.8611535
6160,6,0,0,,2,4,66,10,56,0,0,"Braidwood, IL",41.2650318,-88.2122823
4517,5,0,0,,0,5,40,0,40,0,0,"Breese, IL",38.6106042,-89.5270306
16397,48,1,3,,17,27,446,44,372,30,5,"Bridgeview, IL",41.7500323,-87.8042216
2186,4,0,2,,0,2,11,1,8,2,0,"Brighton, IL",39.0397688,-90.1406643
7914,26,1,1,,17,7,375,38,305,32,0,"Broadview, IL",41.8639201,-87.8533931
18935,15,1,6,,2,6,267,67,189,11,3,"Brookfield, IL",41.8239203,-87.8517253
41511,13,0,2,,4,7,208,26,166,16,0,"Buffalo Grove, IL",42.1662831,-87.9631308
1705,3,0,0,,0,3,15,4,9,2,0,"Bunker Hill, IL",39.0428239,-89.951769
29165,70,0,5,,22,43,404,65,299,40,1,"Burbank, IL",41.7467619,-87.760738
4209,12,2,0,,7,3,97,27,52,18,0,"Burnham, IL",41.638924,-87.5567108
10863,2,0,1,,0,1,89,7,73,9,0,"Burr Ridge, IL",41.7489203,-87.9183919
3628,2,0,0,,0,2,51,6,43,2,0,"Byron, IL",42.1269692,-89.2556618
14242,64,2,5,,36,21,668,186,449,33,6,"Cahokia, IL",38.5708849,-90.1901113
2402,69,0,0,,4,65,93,25,66,2,2,"Cairo, IL",37.0053293,-89.1764608
37022,211,9,16,,137,49,1358,307,869,182,12,"Calumet City, IL",41.6155909,-87.5294871
1272,4,0,1,,0,3,5,3,2,0,1,"Cambria, IL",37.7814392,-89.1192454
2104,3,1,0,,0,2,17,5,12,0,0,"Cambridge, IL",41.3036472,-90.1928971
1123,0,0,0,,0,0,1,0,1,0,0,"Camp Point, IL",40.0392139,-91.0693041
11390,4,0,3,,0,1,35,8,27,0,0,"Campton Hills, IL",41.9582863,-88.4113034
14116,14,0,2,,4,8,194,42,147,5,2,"Canton, IL",40.6331249,-89.3985283
26373,138,3,32,,38,65,844,171,649,24,2,"Carbondale, IL",37.7272727,-89.2167501
5615,19,0,0,,0,19,203,43,157,3,0,"Carlinville, IL",39.2797699,-89.8817662
3211,10,0,0,,2,8,59,5,53,1,0,"Carlyle, IL",38.6103264,-89.3725796
40473,36,0,3,,7,26,306,32,251,23,5,"Carol Stream, IL",41.9125286,-88.1347927
38664,31,1,14,,12,4,668,113,539,16,3,"Carpentersville, IL",42.1211364,-88.2578582
2418,15,0,3,,0,12,27,3,24,0,0,"Carrollton, IL",39.3022693,-90.4070632
5881,8,0,1,,0,7,55,11,39,5,0,"Carterville, IL",37.7600501,-89.0772991
2534,1,0,0,,0,1,20,12,7,1,0,"Carthage, IL",40.416433,-91.1362537
17903,20,0,1,,1,18,75,17,54,4,1,"Cary, IL",42.2132499,-88.247685
4003,31,0,4,,5,22,106,25,72,9,0,"Caseyville, IL",38.6367162,-90.0256606
2000,3,0,0,,0,3,8,6,2,0,0,"Catlin, IL",40.0650363,-87.7019675
4970,91,1,6,,15,69,172,70,83,19,0,"Centreville, IL",38.5734689,-90.1198888
87071,625,3,41,,124,457,2838,728,1979,131,3,"Champaign, IL",40.1164204,-88.2433829
12597,1,0,0,,0,1,34,6,27,1,0,"Channahon, IL",41.4294753,-88.2286735
21067,79,0,4,,12,63,121,40,76,5,1,"Charleston, IL",39.4961458,-88.1761521
12497,16,0,2,,0,14,71,12,56,3,0,"Chatham, IL",39.676163,-89.7045439
3199,4,0,0,,1,3,18,3,15,0,0,"Chenoa, IL",40.7417013,-88.7197856
3086,18,0,4,,1,13,240,9,227,4,0,"Cherry Valley, IL",42.2347434,-88.9489912
8590,18,1,1,,0,16,54,4,49,1,0,"Chester, IL",37.9136628,-89.8220505
2725153,30126,765,1589,,11957,15815,86960,14258,61229,11473,590,"Chicago, IL",41.8781136,-87.6297982
30273,175,6,28,,74,67,805,126,597,82,37,"Chicago Heights, IL",41.506146,-87.6355995
14383,29,0,2,,18,9,575,22,531,22,1,"Chicago Ridge, IL",41.7014217,-87.7792196
6253,21,0,5,,3,13,106,10,94,2,0,"Chillicothe, IL",40.9222589,-89.4862025
2771,2,1,1,,0,0,18,5,13,0,0,"Christopher, IL",37.9725501,-89.053408
83807,264,1,17,,148,98,1713,284,1147,282,28,"Cicero, IL",41.8455877,-87.7539448
8724,6,0,0,,1,5,32,9,23,0,1,"Clarendon Hills, IL",41.7975307,-87.9547835
5469,5,0,0,,1,4,72,6,66,0,0,"Coal City, IL",41.2878096,-88.2856185
3753,4,0,1,,0,3,51,18,33,0,0,"Coal Valley, IL",41.4286456,-90.4609648
1136,4,0,0,,0,4,13,5,7,1,0,"Cobden, IL",37.5314386,-89.253418
1325,0,0,0,,0,0,0,0,0,0,0,"Colchester, IL",40.4264306,-90.7926324
24599,53,0,10,,9,34,736,109,586,41,2,"Collinsville, IL",38.6703266,-89.9845476
5096,6,0,0,,0,6,61,18,42,1,0,"Colona, IL",41.4839233,-90.3531827
10288,1,0,0,,0,1,79,22,52,5,0,"Columbia, IL",38.4436637,-90.2012239
4331,2,0,0,,0,2,51,2,49,0,0,"Cortland, IL",41.9200288,-88.6886963
16844,74,1,6,,44,23,416,55,332,29,2,"Country Club Hills, IL",41.5680898,-87.7203257
6015,7,0,0,,0,7,200,8,181,11,0,"Countryside, IL",41.766022,-87.879523
577,0,0,0,,0,0,5,1,3,1,0,"Cowden, IL",39.2483753,-88.8622895
21211,28,0,5,,9,14,212,41,157,14,3,"Crest Hill, IL",41.554753,-88.0986709
8171,16,0,0,,5,11,140,27,108,5,0,"Crete, IL",41.4444791,-87.6314312
5235,45,0,2,,4,39,154,20,130,4,0,"Creve Coeur, IL",40.6472603,-89.5912098
40374,44,0,8,,4,32,624,56,561,7,3,"Crystal Lake, IL",42.2411344,-88.3161965
31931,502,0,47,,88,367,1894,646,1185,63,7,"Danville, IL",40.124481,-87.6300207
22285,6,0,3,,2,1,366,47,309,10,1,"Darien, IL",41.7483483,-87.9737943
635,0,0,0,,0,0,0,0,0,0,0,"Davis, IL",42.4225149,-89.4137259
72694,392,3,45,,97,247,2657,859,1700,98,16,"Decatur, IL",39.8403147,-88.9548001
678,1,0,0,,1,0,6,1,5,0,0,"Deer Creek, IL",40.6300374,-89.3325885
19176,5,0,1,,1,3,123,17,103,3,0,"Deerfield, IL",42.1711365,-87.8445119
43034,223,3,53,,34,133,1438,203,1203,32,8,"De Kalb, IL",41.9295355,-88.7499128
1622,5,0,0,,0,5,50,9,34,7,2,"Delavan, IL",40.3725414,-89.5473245
1726,0,0,0,,0,0,20,4,16,0,0,"De Pue, IL",41.3242061,-89.3074244
1571,10,0,0,,0,10,21,4,16,1,1,"De Soto, IL",37.8175505,-89.2278613
58726,45,0,6,,11,28,537,91,423,23,6,"Des Plaines, IL",42.0333623,-87.8833991
2480,0,0,0,,0,0,5,0,5,0,0,"Diamond, IL",41.2886428,-88.2517287
1153,3,0,0,,2,1,8,3,5,0,0,"Divernon, IL",39.5656082,-89.6573192
15246,20,0,12,,4,4,272,23,243,6,0,"Dixon, IL",41.8389213,-89.4795478
49894,33,0,7,,7,19,651,66,555,30,3,"Downers Grove, IL",41.8089191,-88.0111746
3881,19,1,1,,0,17,95,36,51,8,0,"Dupo, IL",38.5161634,-90.2103903
5919,18,0,0,,2,16,62,17,44,1,0,"Du Quoin, IL",38.0114393,-89.2361935
4027,7,0,0,,1,6,63,16,46,1,0,"Dwight, IL",41.0944767,-88.4250597
1619,1,0,0,,0,1,30,3,27,0,0,"Earlville, IL",41.5894754,-88.9220265
6152,20,0,9,,3,8,163,32,120,11,0,"East Alton, IL",38.8803256,-90.1112184
467,6,0,1,,1,4,4,3,0,1,0,"East Carondelet, IL",38.5414398,-90.2317323
1648,13,0,2,,1,10,24,2,19,3,0,"East Dubuque, IL",42.4922253,-90.6429054
3273,1,0,0,,1,0,70,15,54,1,0,"East Dundee, IL",42.0989145,-88.2714689
1545,4,0,0,,2,2,49,32,14,3,1,"East Hazel Crest, IL",41.5754519,-87.6461965
21359,91,0,10,,22,59,571,120,439,12,1,"East Moline, IL",41.5008673,-90.4442979
23008,97,2,12,,5,78,625,171,439,15,9,"East Peoria, IL",40.666149,-89.5800978
26769,757,27,35,,103,592,604,210,266,128,9,"East St. Louis, IL",38.624514,-90.1506465
1046,0,0,0,,0,0,4,2,2,0,0,"Edinburg, IL",39.6572697,-89.3895338
25133,33,0,6,,7,20,288,33,248,7,0,"Edwardsville, IL",38.8114364,-89.953157
12660,33,0,9,,2,22,381,45,330,6,0,"Effingham, IL",39.1200418,-88.5433829
5776,3,0,0,,1,2,30,5,25,0,0,"Elburn, IL",41.8922499,-88.4723014
4050,6,0,0,,0,6,147,34,98,15,0,"Eldorado, IL",37.8136583,-88.4381029
112886,236,2,34,,63,137,1565,218,1279,68,10,"Elgin, IL",42.0354084,-88.2825668
746,1,0,0,,0,1,3,2,1,0,0,"Elizabeth, IL",42.3177911,-90.221517
33255,25,0,4,,7,14,510,83,386,41,1,"Elk Grove Village, IL",42.0039178,-87.9703461
46318,26,0,1,,9,16,536,68,452,16,0,"Elmhurst, IL",41.8994744,-87.9403418
2088,0,0,0,,0,0,24,9,14,1,0,"Elmwood, IL",40.7778151,-89.9665017
24829,42,0,3,,12,27,328,62,246,20,1,"Elmwood Park, IL",41.9211423,-87.8092266
2796,7,0,3,,0,4,34,3,30,1,0,"El Paso, IL",40.7392017,-89.0164626
1144,2,0,0,,0,2,14,6,7,1,0,"Energy, IL",37.7739389,-89.0264634
1543,3,0,2,,0,1,9,2,7,0,0,"Erie, IL",41.6564203,-90.0792859
5388,10,1,1,,0,8,55,10,43,2,1,"Eureka, IL",40.7214251,-89.2728627
75716,130,2,6,,38,84,1671,329,1269,73,10,"Evanston, IL",42.0450722,-87.6876969
19836,41,0,5,,17,19,600,56,519,25,2,"Evergreen Park, IL",41.7205889,-87.7017175
3604,8,0,0,,1,7,37,9,28,0,1,"Fairbury, IL",40.7472566,-88.5147789
5019,21,0,1,,3,17,109,29,78,2,1,"Fairfield, IL",38.378937,-88.3597683
2478,1,0,0,,0,1,18,7,8,3,0,"Fairmont City, IL",38.6514591,-90.1030683
616,0,0,0,,0,0,1,0,1,0,0,"Fairmount, IL",40.0455911,-87.8305838
16773,41,1,6,,4,30,870,67,779,24,0,"Fairview Heights, IL",38.5889386,-89.990382
2305,3,0,0,,0,3,63,19,44,0,2,"Farmington, IL",40.6980932,-90.0059483
647,0,0,0,,0,0,7,2,5,0,0,"Findlay, IL",39.5225372,-88.7536817
1974,2,0,1,,0,1,35,12,23,0,0,"Fisher, IL",40.3147554,-88.3500541
468,0,0,0,,0,0,0,0,0,0,0,"Fithian, IL",40.1139242,-87.8730857
4919,4,0,0,,0,4,84,18,63,3,0,"Flora, IL",38.6689364,-88.4856042
9479,15,0,2,,6,7,120,22,95,3,1,"Flossmoor, IL",41.5428123,-87.6847684
14113,46,0,10,,23,13,527,75,418,34,0,"Forest Park, IL",41.8794758,-87.81367
691,3,0,0,,0,3,41,11,20,10,8,"Forest View, IL",41.8086431,-87.7933895
10495,17,0,3,,1,13,143,28,112,3,0,"Fox Lake, IL",42.3966874,-88.1836965
4665,10,0,1,,1,8,60,4,54,2,1,"Fox River Grove, IL",42.2008575,-88.2145259
18822,8,0,0,,5,3,185,14,162,9,0,"Frankfort, IL",41.4958665,-87.8486613
957,0,0,0,,0,0,9,4,5,0,0,"Franklin Grove, IL",41.8416982,-89.3003765
18306,27,0,6,,5,16,211,40,128,43,6,"Franklin Park, IL",41.9348537,-87.879523
4218,3,0,0,,0,3,35,6,27,2,0,"Freeburg, IL",38.4275499,-89.913714
24257,48,0,10,,11,27,652,166,471,15,4,"Freeport, IL",42.2966861,-89.6212271
3347,1,0,0,,0,1,64,29,34,1,0,"Fulton, IL",41.8672508,-90.1595705
3276,6,0,1,,0,5,40,0,38,2,0,"Galena, IL",42.4166744,-90.4290168
31093,124,1,15,,23,85,987,203,765,19,1,"Galesburg, IL",40.9478158,-90.3712395
6522,8,0,2,,0,6,83,18,63,2,0,"Geneseo, IL",41.4480902,-90.1542848
21864,11,1,4,,1,5,187,23,160,4,4,"Geneva, IL",41.8926437,-88.3287896
3341,9,0,2,,0,7,89,38,50,1,2,"Georgetown, IL",39.9753144,-87.6358546
1285,1,0,0,,0,1,8,2,5,1,0,"Germantown, IL",38.5536601,-89.5384209
3408,10,0,2,,0,8,33,11,22,0,3,"Gibson City, IL",40.4653118,-88.3758875
1117,0,0,0,,0,0,5,0,5,0,0,"Gifford, IL",40.3058679,-88.0211489
7792,2,0,0,,0,2,23,7,15,1,0,"Gilberts, IL",42.1033585,-88.3728605
3148,10,0,0,,1,9,41,6,35,0,0,"Gillespie, IL",39.1297692,-89.8195407
1743,4,0,0,,3,1,99,11,87,1,0,"Gilman, IL",40.7667015,-87.992262
2012,5,0,2,,0,3,14,1,12,1,0,"Girard, IL",39.4464409,-89.7809301
1000,2,0,0,,0,2,1,1,0,0,0,"Glasford, IL",40.5725386,-89.813442
12971,6,0,1,,0,5,100,12,87,1,3,"Glen Carbon, IL",38.7483814,-89.983158
34472,30,0,0,,16,14,571,62,494,15,0,"Glendale Heights, IL",41.9103068,-88.0717353
28282,26,1,6,,6,13,244,35,202,7,2,"Glen Ellyn, IL",41.8775293,-88.0670118
48008,41,0,5,,2,34,611,80,503,28,2,"Glenview, IL",42.0778065,-87.8223368
8996,13,0,0,,7,6,139,27,105,7,0,"Glenwood, IL",41.5425349,-87.6022658
698,0,0,0,,0,0,5,2,3,0,0,"Godley, IL",41.2366987,-88.243672
505,0,0,0,,0,0,1,0,1,0,0,"Golf, IL",42.0593273,-87.7837118
962,1,0,0,,0,1,56,5,50,1,0,"Goodfield, IL",40.6297593,-89.2748084
649,0,0,0,,0,0,10,1,9,0,0,"Grafton, IL",38.9700484,-90.4315046
1424,7,0,0,,3,4,23,7,15,1,0,"Grandview, IL",39.816439,-89.6187102
28899,191,1,24,,33,133,600,165,367,68,9,"Granite City, IL",38.7014389,-90.1487199
326,0,0,0,,0,0,0,0,0,0,0,"Grantfork, IL",38.8300469,-89.6656453
20916,26,0,4,,3,19,342,58,270,14,5,"Grayslake, IL",42.3444664,-88.041746
1618,5,0,0,,1,4,50,16,31,3,0,"Grayville, IL",38.257547,-87.9936436
1010,3,0,1,,0,2,15,4,11,0,0,"Greenfield, IL",39.3436577,-90.2126145
1491,3,0,0,,0,3,30,10,20,0,0,"Greenup, IL",39.2478159,-88.1633719
6594,6,0,0,,0,6,118,11,102,5,0,"Greenville, IL",38.8922687,-89.4131356
31014,23,0,5,,8,10,1269,55,1183,31,0,"Gurnee, IL",42.3702996,-87.9020186
6248,10,0,0,,0,10,34,3,24,7,1,"Hampshire, IL",42.0978027,-88.5303643
1835,0,0,0,,0,0,29,11,18,0,0,"Hampton, IL",41.5558667,-90.4092971
808,2,0,0,,1,1,4,0,4,0,1,"Hanover, IL",42.2564051,-90.2795734
38402,39,0,4,,14,21,256,39,206,11,0,"Hanover Park, IL",41.9994722,-88.1450735
8863,71,0,3,,3,65,178,74,92,12,1,"Harrisburg, IL",37.7383812,-88.540607
1373,5,0,2,,3,0,16,0,15,1,0,"Hartford, IL",38.8333815,-90.09594
9146,8,0,1,,1,6,113,9,103,1,0,"Harvard, IL",42.422241,-88.6137101
3034,25,0,6,,0,19,49,7,42,0,0,"Havana, IL",40.3000428,-90.0609506
8002,1,0,0,,0,1,7,2,5,0,0,"Hawthorn Woods, IL",42.2169686,-88.0495211
14119,61,3,3,,39,16,488,130,317,41,4,"Hazel Crest, IL",41.571701,-87.6944915
245,0,0,0,,0,0,0,0,0,0,0,"Henning, IL",40.3050364,-87.7008567
2301,7,0,0,,1,6,42,9,33,0,0,"Henry, IL",41.1114249,-89.3564776
12985,39,0,6,,5,28,450,134,292,24,3,"Herrin, IL",37.8031056,-89.0275744
1547,1,0,0,,0,1,9,1,8,0,0,"Herscher, IL",41.0491989,-88.0978262
14134,17,0,3,,6,8,138,13,114,11,1,"Hickory Hills, IL",41.7255879,-87.825055
29737,21,0,7,,4,10,265,22,231,12,0,"Highland Park, IL",42.1816918,-87.8003437
5337,3,0,0,,1,2,37,2,31,4,0,"Highwood, IL",42.1997468,-87.8092335
5635,14,0,3,,0,11,70,15,49,6,0,"Hillsboro, IL",39.1611586,-89.4936989
509,0,0,0,,0,0,2,0,2,0,0,"Hillsdale, IL",41.6136437,-90.1728998
2056,0,0,0,,0,0,18,5,13,0,0,"Hinckley, IL",41.7689183,-88.640913
17790,5,0,1,,4,0,181,12,154,15,0,"Hinsdale, IL",41.8008642,-87.9370052
1862,7,0,0,,1,6,224,5,217,2,1,"Hodgkins, IL",41.7689207,-87.857835
52177,55,0,11,,15,29,429,52,353,24,0,"Hoffman Estates, IL",42.0629915,-88.1227199
1199,0,0,0,,0,0,3,0,3,0,0,"Homer, IL",40.0347569,-87.9580892
24421,6,1,0,,2,3,116,20,92,4,0,"Homer Glen, IL",41.6000317,-87.9381112
4340,5,0,1,,1,3,40,4,31,5,0,"Hometown, IL",41.7306407,-87.7319495
19379,38,0,4,,22,12,569,72,486,11,1,"Homewood, IL",41.5676825,-87.6541852
5194,17,0,1,,2,14,169,46,115,8,2,"Hoopeston, IL",40.4672587,-87.6683573
839,0,0,0,,0,0,11,5,6,0,0,"Hopedale, IL",40.4208735,-89.4145404
1847,3,0,1,,0,2,10,2,8,0,0,"Hudson, IL",40.6058688,-88.9872965
26345,7,0,0,,2,5,213,25,186,2,1,"Huntley, IL",42.1680796,-88.4281415
2365,5,0,0,,0,5,3,0,2,1,0,"Ina, IL",38.1511606,-88.9039554
3827,0,0,0,,0,0,33,1,29,3,0,"Indian Head Park, IL",41.7698632,-87.8969665
269,0,0,0,,0,0,0,0,0,0,0,"Indianola, IL",39.927258,-87.740025
8079,8,0,3,,0,5,60,6,52,2,0,"Island Lake, IL",42.2761341,-88.1920272
8825,2,0,0,,2,0,78,8,66,4,0,"Itasca, IL",41.9750287,-88.0072909
19039,61,0,6,,4,51,602,102,494,6,1,"Jacksonville, IL",39.733936,-90.2290098
1645,2,0,0,,1,1,27,4,22,1,1,"Jerome, IL",39.767551,-89.6806558
8470,25,0,12,,0,13,260,44,207,9,0,"Jerseyville, IL",39.1200471,-90.3284479
6303,5,0,4,,0,1,127,0,126,1,0,"Johnsburg, IL",42.3800209,-88.2420315
147886,488,10,51,,128,299,2801,517,2143,141,64,"Joliet, IL",41.525031,-88.0817251
26509,203,5,26,,74,98,1098,251,786,61,12,"Kankakee, IL",41.1200325,-87.8611531
2563,0,0,0,,0,0,12,1,11,0,0,"Kenilworth, IL",42.085862,-87.7175607
12460,38,0,13,,2,23,424,43,371,10,0,"Kewanee, IL",41.2455927,-89.9248303
4066,2,0,1,,1,0,19,3,16,0,0,"Kildeer, IL",42.1705807,-88.0478532
1424,8,0,2,,1,5,17,1,15,1,0,"Kincaid, IL",39.5886601,-89.4145363
1154,0,0,0,,0,0,3,0,3,0,3,"Kingston, IL",42.0997482,-88.7589818
1732,4,0,0,,0,4,21,4,17,0,0,"Kirkland, IL",42.0925258,-88.8512063
1805,0,0,0,,0,0,10,4,6,0,0,"Lacon, IL",41.0247583,-89.4112007
1231,1,0,0,,0,1,5,4,1,0,0,"Ladd, IL",41.3825348,-89.2189748
15754,14,0,1,,5,8,197,40,153,4,0,"La Grange, IL",41.8050314,-87.8692254
13612,3,0,0,,1,2,105,9,91,5,0,"La Grange Park, IL",41.8347535,-87.861726
1190,1,0,0,,0,1,17,5,12,0,0,"La Harpe, IL",40.5833749,-90.9693057
5666,4,0,0,,1,3,56,3,50,3,0,"Lake Bluff, IL",42.2791365,-87.8443151
19410,4,0,0,,0,4,112,14,98,0,0,"Lake Forest, IL",42.2586342,-87.840625
29022,24,0,8,,0,16,146,31,115,0,1,"Lake in the Hills, IL",42.1816908,-88.3303618
6006,2,0,0,,0,2,22,6,16,0,0,"Lakemoor, IL",42.3286331,-88.1989732
8849,11,0,2,,1,8,48,8,39,1,0,"Lake Villa, IL",42.4169651,-88.0739708
20051,11,0,8,,0,3,255,27,227,1,2,"Lake Zurich, IL",42.1969689,-88.0934108
1357,0,0,0,,0,0,7,1,5,1,0,"Lanark, IL",42.1022465,-89.8334527
28347,113,1,10,,70,32,1886,271,1527,88,2,"Lansing, IL",41.5647575,-87.538931
9194,3,0,0,,0,3,187,31,152,4,0,"La Salle, IL",41.3621503,-89.0418249
4428,14,0,0,,0,14,77,29,42,6,3,"Lawrenceville, IL",38.7292137,-87.6816927
4467,9,0,5,,3,1,54,17,34,3,0,"Lebanon, IL",38.6039375,-89.8073195
16927,6,0,3,,1,2,140,19,113,8,0,"Lemont, IL",41.673642,-88.0017261
487,0,0,0,,0,0,4,2,2,0,0,"Lenzburg, IL",38.2872709,-89.8173228
3585,6,0,1,,0,5,29,9,19,1,0,"Le Roy, IL",40.3519795,-88.764237
20454,8,1,1,,3,3,268,23,239,6,0,"Libertyville, IL",42.2830786,-87.9531303
13867,38,0,8,,3,27,325,61,249,15,2,"Lincoln, IL",40.1483768,-89.3648183
7282,2,0,0,,1,1,31,3,26,2,0,"Lincolnshire, IL",42.1900249,-87.9084039
12655,20,0,0,,7,13,454,76,357,21,2,"Lincolnwood, IL",42.0044757,-87.7300594
14408,3,0,2,,1,0,71,8,61,2,1,"Lindenhurst, IL",42.4105765,-88.0261911
23063,9,0,4,,1,4,211,29,173,9,0,"Lisle, IL",41.801141,-88.0747875
6852,5,0,0,,1,4,180,19,159,2,1,"Litchfield, IL",39.1753256,-89.6542579
756,0,0,0,,0,0,17,8,9,0,0,"Loami, IL",39.6756064,-89.846771
25223,22,2,4,,5,11,193,20,171,2,2,"Lockport, IL",41.5894752,-88.057837
43866,50,0,13,,17,20,942,94,830,18,5,"Lombard, IL",41.8800296,-88.0078435
23349,79,1,11,,17,50,454,98,336,20,2,"Loves Park, IL",42.3200189,-89.0581621
1104,0,0,0,,0,0,11,3,7,1,0,"Lovington, IL",39.71559,-88.6325641
10719,13,3,0,,5,5,120,21,86,13,3,"Lyons, IL",41.8133651,-87.8181128
22816,76,1,14,,7,54,566,80,474,12,1,"Machesney Park, IL",42.3472406,-89.0389956
18402,72,0,21,,3,48,294,65,225,4,1,"Macomb, IL",40.4592076,-90.6717971
8216,4,0,0,,0,4,32,9,22,1,0,"Mahomet, IL",40.1953106,-88.4042234
1150,0,0,0,,0,0,0,0,0,0,0,"Malta, IL",41.929751,-88.8609238
7464,2,0,0,,0,2,32,3,29,0,0,"Manhattan, IL",41.4225316,-87.9858863
1307,0,0,0,,0,0,3,0,3,0,0,"Maple Park, IL",41.9075282,-88.5992494
7467,5,0,2,,0,3,70,15,54,1,0,"Marengo, IL",42.2486332,-88.6084269
930,0,0,0,,0,0,1,0,1,0,0,"Marine, IL",38.7864361,-89.7775939
1833,15,0,0,,0,15,40,5,33,2,0,"Marissa, IL",38.2500481,-89.7500988
1727,2,0,1,,0,1,20,11,9,0,1,"Maroa, IL",40.0364257,-88.957026
2726,6,0,2,,0,4,11,4,7,0,0,"Marquette Heights, IL",40.6175383,-89.6003776
4934,9,0,1,,1,7,104,36,66,2,1,"Marseilles, IL",41.3308666,-88.7081293
3871,8,0,0,,2,6,31,2,29,0,2,"Marshall, IL",39.3914252,-87.6936384
1129,1,0,0,,0,1,14,3,11,0,0,"Martinsville, IL",39.3355924,-87.8819761
7978,7,0,0,,1,6,47,11,32,4,0,"Maryville, IL",38.7244997,-89.9572444
8063,5,0,0,,2,3,42,7,35,0,0,"Mascoutah, IL",38.490327,-89.793154
19226,71,0,6,,18,47,575,54,457,64,0,"Matteson, IL",41.5039235,-87.7131018
18026,70,1,10,,7,52,371,63,307,1,6,"Mattoon, IL",39.4830897,-88.3728255
23994,165,5,15,,68,77,572,144,339,89,2,"Maywood, IL",41.8791979,-87.8431155
230,0,0,0,,0,0,21,2,12,7,0,"McCook, IL",41.7949035,-87.837125
1015,0,0,0,,0,0,0,0,0,0,0,"McCullom Lake, IL",42.3683543,-88.2925883
26581,40,1,13,,2,24,403,27,372,4,0,"McHenry, IL",42.333355,-88.2667534
812,2,0,0,,1,1,8,3,5,0,0,"McLean, IL",40.3144833,-89.169809
25369,51,2,10,,17,22,321,42,226,53,0,"Melrose Park, IL",41.9005865,-87.8567276
7173,6,0,3,,0,3,88,21,67,0,1,"Mendota, IL",41.5472547,-89.1175851
6290,36,0,6,,2,28,245,50,185,10,0,"Metropolis, IL",37.1511655,-88.7319979
14850,37,1,0,,27,9,373,115,221,37,1,"Midlothian, IL",41.6253116,-87.7175491
5082,16,0,3,,1,12,121,16,105,0,0,"Milan, IL",41.453089,-90.5720803
973,0,0,0,,0,0,22,3,17,2,0,"Milledgeville, IL",41.9633615,-89.7745604
3877,1,0,0,,0,1,20,5,15,0,0,"Millstadt, IL",38.4614404,-90.0917755
1219,0,0,0,,0,0,23,3,19,1,0,"Minier, IL",40.4336504,-89.3131465
20156,5,0,2,,0,3,261,22,232,7,0,"Mokena, IL",41.5261437,-87.8892189
42517,196,0,26,,19,151,1459,227,1205,27,4,"Moline, IL",41.5067003,-90.5151342
5068,2,0,2,,0,0,52,7,39,6,0,"Monee, IL",41.420034,-87.7417114
9261,35,0,9,,3,23,193,43,138,12,3,"Monmouth, IL",40.9114271,-90.6473576
19703,18,1,7,,0,10,330,44,270,16,2,"Montgomery, IL",41.730585,-88.3459048
5501,5,0,0,,0,5,46,12,34,0,1,"Monticello, IL",40.0278116,-88.5733979
14507,20,0,4,,3,13,303,33,266,4,2,"Morris, IL",41.357254,-88.4211785
4137,6,0,0,,0,6,39,5,32,2,0,"Morrison, IL",41.809751,-89.9651186
16310,14,0,0,,0,14,145,47,97,1,2,"Morton, IL",40.6128161,-89.4592609
23478,11,0,0,,3,8,207,57,144,6,1,"Morton Grove, IL",42.0405852,-87.7825621
6982,15,0,0,,2,13,182,27,153,2,1,"Mount Carmel, IL",38.4108801,-87.7614174
1602,0,0,0,,0,0,30,3,25,2,0,"Mount Carroll, IL",42.0950233,-89.9781797
2854,0,0,0,,0,0,20,4,15,1,0,"Mount Morris, IL",42.0503062,-89.4312201
1995,1,0,0,,0,1,4,0,3,1,0,"Mount Olive, IL",39.072269,-89.7273148
54839,26,0,6,,10,10,565,53,490,22,5,"Mount Prospect, IL",42.0664167,-87.9372908
1505,0,0,0,,0,0,6,2,4,0,0,"Mount Pulaski, IL",40.0108767,-89.282314
15053,194,0,18,,24,152,776,183,585,8,15,"Mount Vernon, IL",38.3172714,-88.9031201
5865,3,0,1,,1,1,21,2,19,0,0,"Mount Zion, IL",39.7714252,-88.8742405
1736,1,0,0,,0,1,7,5,2,0,0,"Moweaqua, IL",39.6247614,-89.0189684
31685,24,0,1,,2,21,292,52,230,10,2,"Mundelein, IL",42.263079,-88.0039653
7726,59,1,13,,8,37,433,73,357,3,2,"Murphysboro, IL",37.7644952,-89.3350888
148070,92,0,15,,34,43,1587,141,1401,45,4,"Naperville, IL",41.7508391,-88.1535352
3109,12,0,1,,0,11,69,8,56,5,0,"Nashville, IL",38.3436612,-89.3806398
1930,1,0,0,,0,1,18,4,14,0,0,"New Athens, IL",38.3264383,-89.8770468
3304,4,0,1,,0,3,27,0,27,0,0,"New Baden, IL",38.5350488,-89.7006499
26085,25,0,7,,6,12,302,32,265,5,0,"New Lenox, IL",41.5119761,-87.9656098
2807,0,0,0,,0,0,53,13,40,0,0,"Newton, IL",38.9908766,-88.1625389
29886,29,0,2,,8,19,702,49,639,14,1,"Niles, IL",42.0189191,-87.8028402
2171,8,1,1,,0,6,33,9,22,2,1,"Nokomis, IL",39.3011566,-89.285085
54727,144,1,35,,29,79,1080,142,912,26,1,"Normal, IL",40.5142026,-88.9906312
14629,13,0,1,,3,9,414,32,371,11,0,"Norridge, IL",41.9633641,-87.827284
17599,21,0,4,,4,13,240,25,208,7,1,"North Aurora, IL",41.8061399,-88.3272952
33746,11,1,2,,5,3,382,42,327,13,0,"Northbrook, IL",42.1275267,-87.8289548
5494,0,0,0,,0,0,40,6,33,1,1,"Northfield, IL",42.09975,-87.7808967
12308,16,0,2,,7,7,252,16,218,18,0,"Northlake, IL",41.9172526,-87.8956185
6663,15,0,0,,9,6,486,16,459,11,0,"North Riverside, IL",41.8461167,-87.8157429
8130,10,0,2,,3,5,562,18,536,8,0,"Oak Brook, IL",41.8397865,-87.9535534
2169,5,0,1,,2,2,108,10,93,5,0,"Oakbrook Terrace, IL",41.8500302,-87.9645077
28088,42,1,5,,20,16,300,57,214,29,1,"Oak Forest, IL",41.6028116,-87.7439384
56791,79,1,7,,38,33,937,99,810,28,3,"Oak Lawn, IL",41.719978,-87.7479528
52365,108,0,2,,68,38,1495,359,1057,79,3,"Oak Park, IL",41.8850317,-87.7845025
1520,4,0,0,,0,4,13,8,5,0,0,"Oakwood, IL",40.1161471,-87.7783592
2059,2,0,2,,0,0,19,3,16,0,0,"Oakwood Hills, IL",42.2464123,-88.2428615
1420,7,0,0,,0,7,15,8,7,0,0,"Oblong, IL",39.0019867,-87.9089204
29061,45,1,15,,7,22,518,65,444,9,0,"O'Fallon, IL",38.592323,-89.910991
3619,3,0,2,,0,1,43,6,37,0,0,"Oglesby, IL",41.2953126,-89.0595266
1392,3,0,0,,0,3,17,7,9,1,0,"Okawville, IL",38.4342163,-89.5503676
8984,49,1,10,,0,38,283,32,241,10,4,"Olney, IL",38.7308811,-88.0853154
5031,4,0,0,,2,2,146,11,134,1,0,"Olympia Fields, IL",41.5131999,-87.6926257
1313,1,0,0,,0,1,5,1,3,1,0,"Onarga, IL",40.715035,-88.0061509
3553,6,0,1,,0,5,107,12,90,5,0,"Oregon, IL",42.0147513,-89.3323279
1818,0,0,0,,0,0,6,3,3,0,0,"Orion, IL",41.3547575,-90.3815165
7255,4,0,0,,0,4,46,5,40,1,0,"Orland Hills, IL",41.5853107,-87.8431078
59009,25,0,2,,4,19,1335,53,1263,19,2,"Orland Park, IL",41.6303103,-87.8539425
34681,25,0,7,,5,13,389,27,353,9,3,"Oswego, IL",41.6828074,-88.3514596
18263,23,0,1,,3,19,390,45,333,12,3,"Ottawa, IL",41.3455892,-88.8425769
69447,37,0,14,,8,15,600,35,543,22,1,"Palatine, IL",42.1103041,-88.03424
1324,9,0,1,,0,8,19,1,17,1,0,"Palestine, IL",39.0036537,-87.612802
12549,2,0,0,,0,2,87,7,77,3,1,"Palos Heights, IL",41.6680885,-87.7964416
17578,16,0,1,,5,10,84,6,70,8,0,"Palos Hills, IL",41.6966992,-87.8169984
4894,2,0,0,,0,2,32,4,28,0,0,"Palos Park, IL",41.6672547,-87.8303315
5562,14,0,6,,0,8,91,16,73,2,0,"Pana, IL",39.3889311,-89.0800809
8356,38,0,1,,1,36,116,51,54,11,2,"Paris, IL",39.611146,-87.6961374
7357,10,0,4,,2,4,103,33,63,7,0,"Park City, IL",42.3483554,-87.8842397
21947,75,2,11,,34,28,353,110,209,34,4,"Park Forest, IL",41.4914236,-87.6744891
37805,12,0,1,,8,3,375,67,294,14,3,"Park Ridge, IL",42.0111412,-87.8406192
2707,1,1,0,,0,0,2,1,1,0,0,"Pawnee, IL",39.5917186,-89.5803739
4332,10,0,1,,1,8,61,8,51,2,2,"Paxton, IL",40.4603125,-88.0953201
33052,139,0,25,,15,99,664,90,562,12,6,"Pekin, IL",40.5675388,-89.640658
115099,875,10,70,,305,490,4429,1089,3116,224,61,"Peoria, IL",40.6936488,-89.5889864
5960,30,1,6,,1,22,149,27,114,8,0,"Peoria Heights, IL",40.7472594,-89.5739845
4114,7,0,0,,3,4,13,2,10,1,0,"Peotone, IL",41.3322554,-87.7853217
9886,15,0,4,,4,7,157,24,132,1,0,"Peru, IL",41.3275349,-89.1289728
1956,14,0,0,,2,12,43,23,17,3,0,"Phoenix, IL",41.6111456,-87.6347683
558,0,0,0,,0,0,0,0,0,0,0,"Pierron, IL",38.7797065,-89.5974866
5336,4,0,0,,1,3,26,6,20,0,0,"Pinckneyville, IL",38.0803286,-89.3820321
7162,5,0,5,,0,0,20,1,18,1,0,"Pingree Grove, IL",42.0686367,-88.4134159
4468,3,0,0,,0,3,66,10,54,2,0,"Pittsfield, IL",39.6078254,-90.8051289
43063,37,0,7,,3,27,330,35,280,15,2,"Plainfield, IL",41.632223,-88.2120315
11358,0,0,0,,0,0,108,10,96,2,0,"Plano, IL",41.6628076,-88.5370197
937,3,0,3,,0,0,9,3,6,0,0,"Pleasant Hill, IL",39.4433806,-90.8723526
804,0,0,0,,0,0,2,0,2,0,0,"Pleasant Plains, IL",39.8728269,-89.9212211
11771,26,0,0,,3,23,222,37,181,4,2,"Pontiac, IL",40.8808666,-88.6297839
5598,8,0,0,,2,6,113,23,84,6,1,"Pontoon Beach, IL",38.7322237,-90.0710336
5992,14,1,0,,7,6,102,24,65,13,0,"Posen, IL",41.6317008,-87.681437
716,0,0,0,,0,0,1,0,1,0,0,"Potomac, IL",40.305036,-87.8005829
7534,14,0,2,,0,12,103,17,82,4,2,"Princeton, IL",41.3680919,-89.4648145
1999,0,0,0,,0,0,0,0,0,0,0,"Prophetstown, IL",41.6714198,-89.9362249
16410,19,0,0,,5,14,106,19,78,9,1,"Prospect Heights, IL",42.0953049,-87.9375694
40799,209,0,43,,23,143,1323,295,987,41,9,"Quincy, IL",39.9356016,-91.4098726
348,0,0,0,,0,0,3,2,1,0,0,"Raleigh, IL",37.8269921,-88.5319958
535,0,0,0,,0,0,0,0,0,0,0,"Rankin, IL",40.4650357,-87.8964219
13018,53,0,14,,13,26,339,101,225,13,3,"Rantoul, IL",40.3083672,-88.1558785
3564,2,0,1,,0,1,13,5,8,0,0,"Red Bud, IL",38.2117172,-89.9942741
1904,2,0,0,,1,1,19,3,15,1,0,"Richmond, IL",42.4758522,-88.3059251
13702,58,0,7,,36,15,299,46,220,33,0,"Richton Park, IL",41.484479,-87.7033787
847,0,0,0,,0,0,9,3,6,0,0,"Ridge Farm, IL",39.8955918,-87.6519669
11203,17,0,0,,7,10,291,42,244,5,0,"River Forest, IL",41.8939617,-87.8198478
10216,11,1,4,,3,3,149,37,97,15,0,"River Grove, IL",41.9258642,-87.8358943
8826,13,0,1,,0,12,118,26,90,2,1,"Riverside, IL",41.8350316,-87.8228357
3463,14,0,2,,2,10,70,12,53,5,0,"Riverton, IL",39.8442164,-89.5395417
3639,3,0,1,,0,2,26,5,19,2,0,"Riverwoods, IL",42.1675254,-87.897014
7616,31,0,2,,0,29,106,13,88,5,1,"Robinson, IL",39.0053201,-87.7391935
3794,4,0,1,,0,3,9,0,8,1,0,"Rochester, IL",39.7494943,-89.5317603
1942,2,0,1,,0,1,3,0,1,2,0,"Rockdale, IL",41.5061419,-88.1145036
9027,35,0,1,,4,30,119,60,57,2,0,"Rock Falls, IL",41.7797533,-89.6889967
147363,2444,26,137,,536,1745,5565,1406,3696,463,78,"Rockford, IL",42.2711311,-89.0939952
38543,158,4,6,,23,125,1042,175,782,85,6,"Rock Island, IL",41.5094771,-90.5787476
7494,7,0,2,,0,5,163,11,150,2,1,"Rockton, IL",42.4525157,-89.0723317
24205,16,0,6,,2,8,284,12,266,6,0,"Rolling Meadows, IL",42.0841936,-88.0131275
39727,45,0,8,,14,23,623,61,544,18,2,"Romeoville, IL",41.6475306,-88.0895061
10523,9,0,0,,0,9,130,55,73,2,0,"Roscoe, IL",42.4133505,-89.0092741
23037,18,0,11,,2,5,190,29,157,4,3,"Roselle, IL",41.9847504,-88.0797933
4206,25,0,5,,4,16,279,8,263,8,86,"Rosemont, IL",41.9867507,-87.8721602
18484,19,0,5,,5,9,133,24,107,2,0,"Round Lake, IL",42.353355,-88.0934145
27796,38,0,10,,6,22,581,44,527,10,1,"Round Lake Beach, IL",42.3716881,-88.0900815
2713,5,0,1,,1,3,24,1,23,0,0,"Round Lake Heights, IL",42.3800212,-88.1042489
7415,5,0,0,,0,5,83,20,56,7,0,"Round Lake Park, IL",42.3569661,-88.0767474
1472,6,0,1,,1,4,31,9,22,0,0,"Roxana, IL",38.846767,-90.0607398
1135,1,0,0,,0,1,10,5,4,1,0,"Royalton, IL",37.8769946,-89.1145223
315,0,0,0,,0,0,1,0,1,0,0,"Ruma, IL",38.1350512,-89.9978864
2927,4,0,2,,0,2,30,7,23,0,0,"Rushville, IL",40.1211577,-90.5631829
7249,21,0,1,,3,17,379,49,316,14,2,"Salem, IL",38.6269929,-88.9456158
1221,8,0,3,,3,2,29,8,20,1,5,"Sandoval, IL",38.6156043,-89.1142343
7355,8,0,5,,0,3,48,10,38,0,0,"Sandwich, IL",41.6458634,-88.6217432
151,4,1,0,,1,2,64,0,53,11,0,"Sauget, IL",38.5964402,-90.1848331
10489,54,2,10,,11,31,117,38,56,23,3,"Sauk Village, IL",41.4883685,-87.5675414
2845,10,0,2,,0,8,83,17,63,3,0,"Savanna, IL",42.0944671,-90.1567944
74774,74,0,23,,21,30,1685,108,1526,51,4,"Schaumburg, IL",42.0333607,-88.0834059
11807,19,0,10,,6,3,229,41,161,27,0,"Schiller Park, IL",41.9558637,-87.8708965
703,0,0,0,,0,0,0,0,0,0,0,"Shannon, IL",42.1547457,-89.7398389
1150,4,0,0,,1,3,13,3,9,1,0,"Shawneetown, IL",37.713102,-88.1867027
4697,1,0,0,,0,1,17,9,8,0,0,"Sherman, IL",39.8936608,-89.6048231
13056,29,0,4,,7,18,223,38,177,8,1,"Shiloh, IL",38.5614383,-89.8973233
16968,29,0,10,,2,17,174,30,138,6,0,"Shorewood, IL",41.5200305,-88.2017293
587,0,0,0,,0,0,0,0,0,0,0,"Sidell, IL",39.9097575,-87.8211393
7487,24,0,5,,2,17,295,38,255,2,0,"Silvis, IL",41.5122561,-90.4151301
64819,158,1,15,,45,97,1557,228,1283,46,5,"Skokie, IL",42.0324025,-87.7416246
3354,0,0,0,,0,0,10,1,9,0,0,"Sleepy Hollow, IL",42.0941923,-88.3025806
3724,0,0,0,,0,0,16,2,14,0,0,"Smithton, IL",38.4086616,-89.9920501
4955,2,0,0,,0,2,47,10,35,2,0,"South Barrington, IL",42.0881054,-88.1535352
7639,18,0,1,,8,9,117,26,87,4,0,"South Beloit, IL",42.4930708,-89.0367763
4137,19,0,0,,7,12,155,16,128,11,3,"South Chicago Heights, IL",41.4808681,-87.6378211
22436,27,0,8,,3,16,262,18,239,5,0,"South Elgin, IL",41.9941938,-88.2922996
22042,83,2,20,,43,18,479,86,332,61,1,"South Holland, IL",41.6008681,-87.6069894
1115,2,0,0,,0,2,14,3,10,1,0,"South Pekin, IL",40.4944838,-89.6517711
1986,16,0,5,,2,9,49,22,27,0,0,"South Roxana, IL",38.8294924,-90.0628834
116563,1301,6,99,,249,947,5158,1250,3681,227,45,"Springfield, IL",39.7817213,-89.6501481
5698,3,0,3,,0,0,35,2,30,3,0,"Spring Grove, IL",42.4436308,-88.2364775
5269,2,0,1,,0,1,79,18,58,3,0,"Spring Valley, IL",41.3275352,-89.1998076
579,0,0,0,,0,0,2,1,1,0,0,"Stanford, IL",40.4347608,-89.2178643
1213,2,0,0,,2,0,43,15,25,3,1,"St. Anne, IL",41.0229518,-87.7181619
4981,11,0,1,,1,9,65,11,52,2,0,"Staunton, IL",39.0122684,-89.7912063
33556,44,0,6,,4,34,432,52,367,13,2,"St. Charles, IL",41.9141945,-88.3086867
9502,20,0,1,,9,10,288,38,233,17,2,"Steger, IL",41.4700348,-87.636432
1402,14,0,1,,0,13,44,15,27,2,0,"St. Elmo, IL",39.0262351,-88.8537254
14983,39,0,14,,5,20,511,48,449,14,3,"Sterling, IL",41.788642,-89.6962194
6785,6,1,1,,1,3,73,3,58,12,1,"Stickney, IL",41.8177521,-87.7923613
1778,6,0,1,,0,5,41,9,30,2,0,"Stockton, IL",42.3497355,-90.0067916
13082,32,0,17,,4,11,357,67,279,11,14,"Streator, IL",41.1208668,-88.835352
11457,38,1,1,,14,22,216,27,145,44,4,"Summit, IL",41.7880876,-87.810334
13533,19,0,6,,5,8,263,47,203,13,0,"Swansea, IL",38.5339392,-89.9889936
17750,12,0,3,,1,8,257,15,235,7,5,"Sycamore, IL",41.9889173,-88.6867538
10795,4,0,1,,0,3,136,26,107,3,0,"Taylorville, IL",39.548935,-89.294533
2513,3,0,1,,1,1,38,7,30,1,0,"Thornton, IL",41.5680904,-87.6080999
2607,10,0,1,,0,9,55,19,34,2,0,"Tilton, IL",40.0953144,-87.6475212
57213,48,0,6,,11,31,766,86,652,28,2,"Tinley Park, IL",41.5731442,-87.7932939
3483,4,0,1,,0,3,30,9,21,0,0,"Tolono, IL",39.9861415,-88.2589387
1314,0,0,0,,0,0,13,5,8,0,0,"Toluca, IL",41.0022556,-89.133416
732,0,0,0,,0,0,7,4,3,0,0,"Tonica, IL",41.2158684,-89.0667488
1251,0,0,0,,0,0,1,0,1,0,0,"Tower Lakes, IL",42.2338015,-88.1559741
10063,15,0,6,,0,9,73,14,58,1,0,"Troy, IL",38.7292147,-89.8831541
4437,25,0,2,,0,23,72,16,54,2,0,"Tuscola, IL",39.7991985,-88.2831038
42461,162,4,25,,54,79,1543,327,1185,31,8,"Urbana, IL",40.1105875,-88.2072697
1260,1,0,0,,0,1,8,1,7,0,0,"Valmeyer, IL",38.3107613,-90.2806986
26574,19,0,4,,7,8,378,20,355,3,1,"Vernon Hills, IL",42.2393323,-87.9653565
1696,0,0,0,,0,0,7,1,5,1,0,"Vienna, IL",37.4153295,-88.8978434
21976,23,0,2,,7,14,341,34,284,23,0,"Villa Park, IL",41.8897519,-87.9889543
3384,15,0,3,,1,11,90,26,59,5,0,"Virden, IL",39.5008866,-89.7678746
1338,0,0,0,,0,0,3,0,2,1,0,"Walnut, IL",41.5567012,-89.5934315
1366,0,0,0,,0,0,1,0,1,0,0,"Warren, IL",42.4963957,-89.9895681
1154,3,0,0,,0,3,7,2,5,0,0,"Warrensburg, IL",39.9328162,-89.0620278
13342,11,0,7,,3,1,132,14,113,5,0,"Warrenville, IL",41.817807,-88.1734021
1541,3,0,0,,1,2,14,3,11,0,1,"Warsaw, IL",40.359211,-91.4345978
16965,14,0,0,,2,12,178,35,141,2,0,"Washington, IL",40.7036482,-89.4073123
10284,3,0,0,,0,3,34,0,34,0,0,"Waterloo, IL",38.3358857,-90.1498341
5027,15,0,4,,2,9,153,27,121,5,0,"Watseka, IL",40.7761465,-87.7364218
88337,449,1,9,,195,244,2287,509,1670,108,7,"Waukegan, IL",42.3636331,-87.8447938
1261,1,0,0,,0,1,4,0,4,0,1,"Waverly, IL",39.5917158,-89.9528847
2450,0,0,0,,0,0,12,8,3,1,0,"Wayne, IL",41.9508336,-88.242369
16729,23,0,1,,14,8,257,35,207,15,1,"Westchester, IL",41.8498339,-87.8806738
27490,34,0,6,,10,18,293,46,233,14,2,"West Chicago, IL",41.8847507,-88.2039607
652,0,0,0,,0,0,85,5,80,0,0,"West City, IL",37.9967935,-88.9323577
7406,4,0,2,,2,0,103,4,99,0,0,"West Dundee, IL",42.0980812,-88.2828581
13446,0,0,0,,0,0,35,5,28,2,1,"Western Springs, IL",41.8097532,-87.9006155
8044,5,0,0,,5,0,191,63,110,18,3,"West Frankfort, IL",37.8985966,-88.9233622
24992,22,0,4,,5,13,292,39,243,10,2,"Westmont, IL",41.7958639,-87.9756175
3087,5,0,1,,1,3,31,17,13,1,1,"Westville, IL",40.0422589,-87.6386322
53848,32,0,5,,11,16,332,54,276,2,1,"Wheaton, IL",41.8661403,-88.1070127
38158,47,0,5,,5,37,424,60,348,16,1,"Wheeling, IL",42.1391927,-87.9289591
2389,5,0,1,,0,4,33,15,18,0,0,"White Hall, IL",39.4369917,-90.403177
8625,7,0,1,,3,3,163,17,141,5,0,"Willowbrook, IL",41.7697533,-87.9358931
5701,3,0,0,,3,0,28,5,20,3,0,"Willow Springs, IL",41.7408652,-87.8603343
27474,11,0,3,,3,5,308,51,246,11,3,"Wilmette, IL",42.0722513,-87.7228384
5683,13,0,6,,1,6,52,6,38,8,0,"Wilmington, IL",41.3078093,-88.1467243
9763,3,0,0,,0,3,57,9,48,0,1,"Winfield, IL",41.8616956,-88.1609031
2995,2,0,0,,0,2,49,2,46,1,0,"Winnebago, IL",42.2661311,-89.2412202
12526,5,0,0,,0,5,87,10,69,8,0,"Winnetka, IL",42.1080834,-87.735895
6803,6,0,2,,1,3,37,8,29,0,0,"Winthrop Harbor, IL",42.4789097,-87.8236841
866,0,0,0,,0,0,4,4,0,0,0,"Witt, IL",39.2564351,-89.3481413
3912,5,0,1,,2,2,30,4,24,2,0,"Wonder Lake, IL",42.3852983,-88.3473126
13943,6,0,1,,5,0,185,16,161,8,0,"Wood Dale, IL",41.9633625,-87.9789562
33441,37,0,14,,15,8,446,48,386,12,3,"Woodridge, IL",41.7469749,-88.0503406
10225,37,0,7,,10,20,371,55,289,27,0,"Wood River, IL",38.861159,-90.0976069
25259,34,0,6,,8,20,402,29,360,13,3,"Woodstock, IL",42.3147436,-88.4487021
10781,24,0,5,,5,14,114,18,84,12,1,"Worth, IL",41.6897548,-87.7972754
666,0,0,0,,0,0,15,1,14,0,0,"Yates City, IL",40.7786485,-90.0148371
18752,13,0,4,,5,4,170,28,131,11,1,"Yorkville, IL",41.6411409,-88.4472948
1758,2,0,0,,0,2,18,5,12,1,0,"Zeigler, IL",37.8994945,-89.0520194
24067,169,2,37,,31,99,607,127,449,31,10,"Zion, IL",42.4461322,-87.8328505